"#","Germplasm","Species","Flesh_C","Dataset"
"1","Summit","Prunus avium","2","Sweet_cherry_CRS_phenotyping_2012"
"2","Summit","Prunus avium","2.6","Sweet_cherry_CRS_phenotyping_2010"
"3","Summit","Prunus avium","3","Sweet_cherry_CRS_phenotyping_2011"
"4","Lambert","Prunus avium","3","Sweet_cherry_CRS_phenotyping_2011"
"5","Lambert","Prunus avium","3","Sweet_cherry_CRS_phenotyping_2012"
"6","Regina","Prunus avium","2.8","Sweet_cherry_CRS_phenotyping_2010"
"7","Regina","Prunus avium","3","Sweet_cherry_CRS_phenotyping_2012"
"8","Regina","Prunus avium","4","Sweet_cherry_CRS_phenotyping_2011"
"9","Ambrunes","Prunus avium","1","Sweet_cherry_CRS_phenotyping_2011"
"10","Ambrunes","Prunus avium","1","Sweet_cherry_CRS_phenotyping_2012"
"11","Ambrunes","Prunus avium","1.2","Sweet_cherry_CRS_phenotyping_2010"
"12","Lapins","Prunus avium","2.2","Sweet_cherry_CRS_phenotyping_2011"
"13","Lapins","Prunus avium","2.6","Sweet_cherry_CRS_phenotyping_2010"
"14","Lapins","Prunus avium","3","Sweet_cherry_CRS_phenotyping_2012"
"15","Stella","Prunus avium","2.4","Sweet_cherry_CRS_phenotyping_2011"
"16","Stella","Prunus avium","4","Sweet_cherry_CRS_phenotyping_2012"
"17","Sweetheart","Prunus avium","2","Sweet_cherry_CRS_phenotyping_2010"
"18","Sweetheart","Prunus avium","2","Sweet_cherry_CRS_phenotyping_2011"
"19","Sweetheart","Prunus avium","3","Sweet_cherry_CRS_phenotyping_2012"
"20","Van","Prunus avium","1.6","Sweet_cherry_CRS_phenotyping_2011"
"21","Van","Prunus avium","3","Sweet_cherry_CRS_phenotyping_2012"
"22","Schneiders","Prunus avium","1.2","Sweet_cherry_CRS_phenotyping_2011"
"23","Schneiders","Prunus avium","3","Sweet_cherry_CRS_phenotyping_2012"
"24","Bing","Prunus avium","3","Sweet_cherry_CRS_phenotyping_2011"
"25","Bing","Prunus avium","5","Sweet_cherry_CRS_phenotyping_2012"
"26","Rainier","Prunus avium","1","Sweet_cherry_CRS_phenotyping_2010"
"27","Rainier","Prunus avium","1","Sweet_cherry_CRS_phenotyping_2011"
"28","Rainier","Prunus avium","1","Sweet_cherry_CRS_phenotyping_2012"
"29","Benton","Prunus avium","2","Sweet_cherry_CRS_phenotyping_2011"
"30","Benton","Prunus avium","4","Sweet_cherry_CRS_phenotyping_2012"
"31","Cashmere","Prunus avium","4.2","Sweet_cherry_CRS_phenotyping_2011"
"32","Cashmere","Prunus avium","5","Sweet_cherry_CRS_phenotyping_2010"
"33","Cashmere","Prunus avium","5","Sweet_cherry_CRS_phenotyping_2012"
"34","Chelan","Prunus avium","3.8","Sweet_cherry_CRS_phenotyping_2011"
"35","Chelan","Prunus avium","4.6","Sweet_cherry_CRS_phenotyping_2010"
"36","Chelan","Prunus avium","5","Sweet_cherry_CRS_phenotyping_2012"
"37","Chinook","Prunus avium","2","Sweet_cherry_CRS_phenotyping_2011"
"38","Chinook","Prunus avium","5","Sweet_cherry_CRS_phenotyping_2012"
"39","Cowiche","Prunus avium","4","Sweet_cherry_CRS_phenotyping_2011"
"40","Cowiche","Prunus avium","4","Sweet_cherry_CRS_phenotyping_2012"
"41","Cowiche","Prunus avium","5","Sweet_cherry_CRS_phenotyping_2010"
"42","Gil Peck","Prunus avium","4","Sweet_cherry_CRS_phenotyping_2012"
"43","Glacier","Prunus avium","3.2","Sweet_cherry_CRS_phenotyping_2011"
"44","Glacier","Prunus avium","4","Sweet_cherry_CRS_phenotyping_2012"
"45","Glacier","Prunus avium","5","Sweet_cherry_CRS_phenotyping_2010"
"46","Kiona","Prunus avium","3.4","Sweet_cherry_CRS_phenotyping_2010"
"47","Kiona","Prunus avium","4","Sweet_cherry_CRS_phenotyping_2011"
"48","Kiona","Prunus avium","4","Sweet_cherry_CRS_phenotyping_2012"
"49","NY 54","Prunus avium","1","Sweet_cherry_CRS_phenotyping_2011"
"50","NY 54","Prunus avium","2","Sweet_cherry_CRS_phenotyping_2012"
"51","PMR-1","Prunus avium","4.4","Sweet_cherry_CRS_phenotyping_2010"
"52","PMR-1","Prunus avium","5","Sweet_cherry_CRS_phenotyping_2011"
"53","PMR-1","Prunus avium","5","Sweet_cherry_CRS_phenotyping_2012"
"54","Schmidt","Prunus avium","1.5","Sweet_cherry_CRS_phenotyping_2011"
"55","Schmidt","Prunus avium","3","Sweet_cherry_CRS_phenotyping_2012"
"56","Selah","Prunus avium","3","Sweet_cherry_CRS_phenotyping_2011"
"57","Selah","Prunus avium","3","Sweet_cherry_CRS_phenotyping_2012"
"58","Tieton","Prunus avium","4","Sweet_cherry_CRS_phenotyping_2011"
"59","Tieton","Prunus avium","4","Sweet_cherry_CRS_phenotyping_2012"
"60","Tieton","Prunus avium","4.4","Sweet_cherry_CRS_phenotyping_2010"
"61","Vic","Prunus avium","2","Sweet_cherry_CRS_phenotyping_2011"
"62","Vic","Prunus avium","3","Sweet_cherry_CRS_phenotyping_2012"
"63","Windsor","Prunus avium","2","Sweet_cherry_CRS_phenotyping_2011"
"64","Windsor","Prunus avium","3","Sweet_cherry_CRS_phenotyping_2012"
"65","Kordia","Prunus avium","2.6","Sweet_cherry_CRS_phenotyping_2011"
"66","Kordia","Prunus avium","4","Sweet_cherry_CRS_phenotyping_2012"
"67","FR1T068","Prunus avium","3","Sweet_cherry_CRS_phenotyping_2010"
"68","FR1T068","Prunus avium","3","Sweet_cherry_CRS_phenotyping_2011"
"69","FR1T068","Prunus avium","3","Sweet_cherry_CRS_phenotyping_2012"
"70","FR12T078","Prunus avium","3.6","Sweet_cherry_CRS_phenotyping_2011"
"71","FR12T078","Prunus avium","4","Sweet_cherry_CRS_phenotyping_2012"
"72","FR8T012","Prunus avium","1","Sweet_cherry_CRS_phenotyping_2011"
"73","FR8T012","Prunus avium","4","Sweet_cherry_CRS_phenotyping_2012"
"74","FR12T081","Prunus avium","1","Sweet_cherry_CRS_phenotyping_2011"
"75","FR12T081","Prunus avium","1","Sweet_cherry_CRS_phenotyping_2012"
"76","FR28T002","Prunus avium","4","Sweet_cherry_CRS_phenotyping_2012"
"77","FR1T036","Prunus avium","3","Sweet_cherry_CRS_phenotyping_2011"
"78","FR1T036","Prunus avium","4","Sweet_cherry_CRS_phenotyping_2010"
"79","FR1T036","Prunus avium","4","Sweet_cherry_CRS_phenotyping_2012"
"80","FR1T074","Prunus avium","4","Sweet_cherry_CRS_phenotyping_2011"
"81","FR1T074","Prunus avium","4","Sweet_cherry_CRS_phenotyping_2012"
"82","FR1T074","Prunus avium","4.2","Sweet_cherry_CRS_phenotyping_2010"
"83","FR2T063","Prunus avium","1","Sweet_cherry_CRS_phenotyping_2012"
"84","FR2T030","Prunus avium","1","Sweet_cherry_CRS_phenotyping_2010"
"85","FR2T030","Prunus avium","1","Sweet_cherry_CRS_phenotyping_2011"
"86","FR2T030","Prunus avium","1","Sweet_cherry_CRS_phenotyping_2012"
"87","FR14T012","Prunus avium","5","Sweet_cherry_CRS_phenotyping_2012"
"88","FR3T070","Prunus avium","2","Sweet_cherry_CRS_phenotyping_2011"
"89","FR3T070","Prunus avium","3","Sweet_cherry_CRS_phenotyping_2010"
"90","FR3T070","Prunus avium","3","Sweet_cherry_CRS_phenotyping_2012"
"91","FR1T035","Prunus avium","1","Sweet_cherry_CRS_phenotyping_2010"
"92","FR1T035","Prunus avium","1","Sweet_cherry_CRS_phenotyping_2011"
"93","FR1T035","Prunus avium","1","Sweet_cherry_CRS_phenotyping_2012"
"94","FR1T066","Prunus avium","3","Sweet_cherry_CRS_phenotyping_2012"
"95","FR1T066","Prunus avium","4","Sweet_cherry_CRS_phenotyping_2010"
"96","FR1T066","Prunus avium","4","Sweet_cherry_CRS_phenotyping_2011"
"97","FR1T069","Prunus avium","1","Sweet_cherry_CRS_phenotyping_2010"
"98","FR1T069","Prunus avium","1","Sweet_cherry_CRS_phenotyping_2011"
"99","FR1T069","Prunus avium","1","Sweet_cherry_CRS_phenotyping_2012"
"100","FR2T058","Prunus avium","1","Sweet_cherry_CRS_phenotyping_2010"
"101","FR2T058","Prunus avium","1","Sweet_cherry_CRS_phenotyping_2011"
"102","FR2T058","Prunus avium","1","Sweet_cherry_CRS_phenotyping_2012"
"103","FR14T100","Prunus avium","2","Sweet_cherry_CRS_phenotyping_2011"
"104","FR14T100","Prunus avium","3","Sweet_cherry_CRS_phenotyping_2012"
"105","FR20T045","Prunus avium","4","Sweet_cherry_CRS_phenotyping_2012"
"106","FR21T040","Prunus avium","2","Sweet_cherry_CRS_phenotyping_2011"
"107","FR21T040","Prunus avium","3","Sweet_cherry_CRS_phenotyping_2012"
"108","FR31T016","Prunus avium","1","Sweet_cherry_CRS_phenotyping_2012"
"109","FR23T097","Prunus avium","2","Sweet_cherry_CRS_phenotyping_2012"
"110","FR27T018","Prunus avium","1","Sweet_cherry_CRS_phenotyping_2011"
"111","FR27T018","Prunus avium","1","Sweet_cherry_CRS_phenotyping_2012"
"112","FR28T001","Prunus avium","4","Sweet_cherry_CRS_phenotyping_2012"
"113","FR28T100","Prunus avium","1","Sweet_cherry_CRS_phenotyping_2011"
"114","FR28T100","Prunus avium","1","Sweet_cherry_CRS_phenotyping_2012"
"115","FR28T101","Prunus avium","1","Sweet_cherry_CRS_phenotyping_2011"
"116","FR28T101","Prunus avium","1","Sweet_cherry_CRS_phenotyping_2012"
"117","FR28T102","Prunus avium","5","Sweet_cherry_CRS_phenotyping_2012"
"118","FR28T104","Prunus avium","3","Sweet_cherry_CRS_phenotyping_2012"
"119","FR28T104","Prunus avium","4","Sweet_cherry_CRS_phenotyping_2011"
"120","FR28T105","Prunus avium","4.4","Sweet_cherry_CRS_phenotyping_2011"
"121","FR28T105","Prunus avium","5","Sweet_cherry_CRS_phenotyping_2012"
"122","FR28T106","Prunus avium","1","Sweet_cherry_CRS_phenotyping_2011"
"123","FR28T106","Prunus avium","1","Sweet_cherry_CRS_phenotyping_2012"
"124","FR28T107","Prunus avium","4","Sweet_cherry_CRS_phenotyping_2012"
"125","FR28T107","Prunus avium","5","Sweet_cherry_CRS_phenotyping_2011"
"126","FR28T108","Prunus avium","4","Sweet_cherry_CRS_phenotyping_2012"
"127","FR28T108","Prunus avium","4.4","Sweet_cherry_CRS_phenotyping_2011"
"128","FR29T074","Prunus avium","1","Sweet_cherry_CRS_phenotyping_2012"
"129","FR29T075","Prunus avium","2.6","Sweet_cherry_CRS_phenotyping_2011"
"130","FR29T075","Prunus avium","3.8","Sweet_cherry_CRS_phenotyping_2012"
"131","FR29T076","Prunus avium","3","Sweet_cherry_CRS_phenotyping_2011"
"132","FR29T076","Prunus avium","5","Sweet_cherry_CRS_phenotyping_2012"
"133","FR29T077","Prunus avium","4","Sweet_cherry_CRS_phenotyping_2011"
"134","FR29T077","Prunus avium","4","Sweet_cherry_CRS_phenotyping_2012"
"135","FR10T098","Prunus avium","5","Sweet_cherry_CRS_phenotyping_2012"
"136","FR10T099","Prunus avium","4","Sweet_cherry_CRS_phenotyping_2011"
"137","FR10T099","Prunus avium","4","Sweet_cherry_CRS_phenotyping_2012"
"138","FR10T101","Prunus avium","4","Sweet_cherry_CRS_phenotyping_2011"
"139","FR10T101","Prunus avium","4.8","Sweet_cherry_CRS_phenotyping_2012"
"140","FR11T015","Prunus avium","2","Sweet_cherry_CRS_phenotyping_2011"
"141","FR11T015","Prunus avium","2.7","Sweet_cherry_CRS_phenotyping_2010"
"142","FR11T015","Prunus avium","4","Sweet_cherry_CRS_phenotyping_2012"
"143","FR11T016","Prunus avium","1","Sweet_cherry_CRS_phenotyping_2011"
"144","FR11T016","Prunus avium","1","Sweet_cherry_CRS_phenotyping_2012"
"145","FR11T017","Prunus avium","1","Sweet_cherry_CRS_phenotyping_2010"
"146","FR11T017","Prunus avium","1","Sweet_cherry_CRS_phenotyping_2011"
"147","FR11T017","Prunus avium","1","Sweet_cherry_CRS_phenotyping_2012"
"148","FR11T018","Prunus avium","3","Sweet_cherry_CRS_phenotyping_2012"
"149","FR11T018","Prunus avium","3.2","Sweet_cherry_CRS_phenotyping_2010"
"150","FR11T019","Prunus avium","1","Sweet_cherry_CRS_phenotyping_2011"
"151","FR11T019","Prunus avium","1","Sweet_cherry_CRS_phenotyping_2012"
"152","FR11T025","Prunus avium","1.5","Sweet_cherry_CRS_phenotyping_2010"
"153","FR11T025","Prunus avium","1.6","Sweet_cherry_CRS_phenotyping_2011"
"154","FR11T025","Prunus avium","4","Sweet_cherry_CRS_phenotyping_2012"
"155","FR11T026","Prunus avium","4","Sweet_cherry_CRS_phenotyping_2012"
"156","FR11T027","Prunus avium","2","Sweet_cherry_CRS_phenotyping_2010"
"157","FR11T027","Prunus avium","2","Sweet_cherry_CRS_phenotyping_2011"
"158","FR11T027","Prunus avium","3.6","Sweet_cherry_CRS_phenotyping_2012"
"159","FR11T028","Prunus avium","1","Sweet_cherry_CRS_phenotyping_2010"
"160","FR11T028","Prunus avium","1","Sweet_cherry_CRS_phenotyping_2011"
"161","FR11T028","Prunus avium","1","Sweet_cherry_CRS_phenotyping_2012"
"162","FR11T029","Prunus avium","1","Sweet_cherry_CRS_phenotyping_2010"
"163","FR11T029","Prunus avium","1","Sweet_cherry_CRS_phenotyping_2011"
"164","FR11T029","Prunus avium","1","Sweet_cherry_CRS_phenotyping_2012"
"165","FR11T030","Prunus avium","1","Sweet_cherry_CRS_phenotyping_2010"
"166","FR11T030","Prunus avium","1","Sweet_cherry_CRS_phenotyping_2012"
"167","FR11T031","Prunus avium","1","Sweet_cherry_CRS_phenotyping_2010"
"168","FR11T031","Prunus avium","1","Sweet_cherry_CRS_phenotyping_2011"
"169","FR11T031","Prunus avium","1","Sweet_cherry_CRS_phenotyping_2012"
"170","FR11T032","Prunus avium","3","Sweet_cherry_CRS_phenotyping_2011"
"171","FR11T032","Prunus avium","3","Sweet_cherry_CRS_phenotyping_2012"
"172","FR11T032","Prunus avium","3.4","Sweet_cherry_CRS_phenotyping_2010"
"173","FR12T001","Prunus avium","3","Sweet_cherry_CRS_phenotyping_2011"
"174","FR12T001","Prunus avium","4","Sweet_cherry_CRS_phenotyping_2012"
"175","FR12T003","Prunus avium","5","Sweet_cherry_CRS_phenotyping_2012"
"176","FR12T004","Prunus avium","2.2","Sweet_cherry_CRS_phenotyping_2011"
"177","FR12T004","Prunus avium","5","Sweet_cherry_CRS_phenotyping_2012"
"178","FR12T006","Prunus avium","5","Sweet_cherry_CRS_phenotyping_2011"
"179","FR12T006","Prunus avium","5","Sweet_cherry_CRS_phenotyping_2012"
"180","FR12T009","Prunus avium","2","Sweet_cherry_CRS_phenotyping_2011"
"181","FR12T009","Prunus avium","4","Sweet_cherry_CRS_phenotyping_2012"
"182","FR12T011","Prunus avium","4","Sweet_cherry_CRS_phenotyping_2012"
"183","FR12T012","Prunus avium","3","Sweet_cherry_CRS_phenotyping_2011"
"184","FR12T012","Prunus avium","5","Sweet_cherry_CRS_phenotyping_2012"
"185","FR12T056","Prunus avium","1","Sweet_cherry_CRS_phenotyping_2011"
"186","FR12T056","Prunus avium","1","Sweet_cherry_CRS_phenotyping_2012"
"187","FR12T057","Prunus avium","4","Sweet_cherry_CRS_phenotyping_2012"
"188","FR12T058","Prunus avium","2","Sweet_cherry_CRS_phenotyping_2011"
"189","FR12T058","Prunus avium","3","Sweet_cherry_CRS_phenotyping_2012"
"190","FR12T063","Prunus avium","2.8","Sweet_cherry_CRS_phenotyping_2011"
"191","FR12T063","Prunus avium","4","Sweet_cherry_CRS_phenotyping_2012"
"192","FR12T066","Prunus avium","3.5","Sweet_cherry_CRS_phenotyping_2011"
"193","FR12T066","Prunus avium","5","Sweet_cherry_CRS_phenotyping_2012"
"194","FR12T067","Prunus avium","3.6","Sweet_cherry_CRS_phenotyping_2011"
"195","FR12T067","Prunus avium","5","Sweet_cherry_CRS_phenotyping_2012"
"196","FR12T068","Prunus avium","1","Sweet_cherry_CRS_phenotyping_2011"
"197","FR12T068","Prunus avium","1","Sweet_cherry_CRS_phenotyping_2012"
"198","FR12T069","Prunus avium","4","Sweet_cherry_CRS_phenotyping_2012"
"199","FR12T071","Prunus avium","3","Sweet_cherry_CRS_phenotyping_2011"
"200","FR12T071","Prunus avium","3","Sweet_cherry_CRS_phenotyping_2012"
"201","FR12T072","Prunus avium","4","Sweet_cherry_CRS_phenotyping_2011"
"202","FR12T072","Prunus avium","5","Sweet_cherry_CRS_phenotyping_2012"
"203","FR12T073","Prunus avium","3","Sweet_cherry_CRS_phenotyping_2011"
"204","FR12T073","Prunus avium","5","Sweet_cherry_CRS_phenotyping_2012"
"205","FR12T074","Prunus avium","3","Sweet_cherry_CRS_phenotyping_2012"
"206","FR12T076","Prunus avium","2.7","Sweet_cherry_CRS_phenotyping_2011"
"207","FR12T076","Prunus avium","3","Sweet_cherry_CRS_phenotyping_2012"
"208","FR12T077","Prunus avium","3","Sweet_cherry_CRS_phenotyping_2011"
"209","FR12T077","Prunus avium","4","Sweet_cherry_CRS_phenotyping_2012"
"210","FR12T077","Prunus avium","5","Sweet_cherry_CRS_phenotyping_2010"
"211","FR12T080","Prunus avium","3","Sweet_cherry_CRS_phenotyping_2011"
"212","FR12T080","Prunus avium","3","Sweet_cherry_CRS_phenotyping_2012"
"213","FR12T091","Prunus avium","5","Sweet_cherry_CRS_phenotyping_2011"
"214","FR12T091","Prunus avium","5","Sweet_cherry_CRS_phenotyping_2012"
"215","FR12T093","Prunus avium","4","Sweet_cherry_CRS_phenotyping_2011"
"216","FR12T093","Prunus avium","5","Sweet_cherry_CRS_phenotyping_2012"
"217","FR12T094","Prunus avium","4","Sweet_cherry_CRS_phenotyping_2012"
"218","FR13T058","Prunus avium","4","Sweet_cherry_CRS_phenotyping_2011"
"219","FR13T058","Prunus avium","5","Sweet_cherry_CRS_phenotyping_2012"
"220","FR13T061","Prunus avium","3.2","Sweet_cherry_CRS_phenotyping_2011"
"221","FR13T061","Prunus avium","4","Sweet_cherry_CRS_phenotyping_2012"
"222","FR14T056","Prunus avium","4.6","Sweet_cherry_CRS_phenotyping_2011"
"223","FR14T056","Prunus avium","5","Sweet_cherry_CRS_phenotyping_2012"
"224","FR14T057","Prunus avium","3","Sweet_cherry_CRS_phenotyping_2012"
"225","FR14T057","Prunus avium","3.2","Sweet_cherry_CRS_phenotyping_2011"
"226","FR14T060","Prunus avium","4.4","Sweet_cherry_CRS_phenotyping_2011"
"227","FR14T060","Prunus avium","5","Sweet_cherry_CRS_phenotyping_2012"
"228","FR14T075","Prunus avium","2","Sweet_cherry_CRS_phenotyping_2011"
"229","FR14T075","Prunus avium","2","Sweet_cherry_CRS_phenotyping_2012"
"230","FR14T076","Prunus avium","2.4","Sweet_cherry_CRS_phenotyping_2011"
"231","FR14T076","Prunus avium","3","Sweet_cherry_CRS_phenotyping_2012"
"232","FR14T078","Prunus avium","4","Sweet_cherry_CRS_phenotyping_2011"
"233","FR14T078","Prunus avium","4","Sweet_cherry_CRS_phenotyping_2012"
"234","FR14T079","Prunus avium","3.8","Sweet_cherry_CRS_phenotyping_2011"
"235","FR14T079","Prunus avium","4","Sweet_cherry_CRS_phenotyping_2012"
"236","FR14T080","Prunus avium","1","Sweet_cherry_CRS_phenotyping_2011"
"237","FR14T080","Prunus avium","1","Sweet_cherry_CRS_phenotyping_2012"
"238","FR14T081","Prunus avium","4","Sweet_cherry_CRS_phenotyping_2012"
"239","FR14T081","Prunus avium","4.2","Sweet_cherry_CRS_phenotyping_2011"
"240","FR14T082","Prunus avium","3","Sweet_cherry_CRS_phenotyping_2012"
"241","FR14T082","Prunus avium","4","Sweet_cherry_CRS_phenotyping_2011"
"242","FR14T084","Prunus avium","3","Sweet_cherry_CRS_phenotyping_2011"
"243","FR14T084","Prunus avium","3.6","Sweet_cherry_CRS_phenotyping_2012"
"244","FR14T086","Prunus avium","3","Sweet_cherry_CRS_phenotyping_2012"
"245","FR14T086","Prunus avium","3.6","Sweet_cherry_CRS_phenotyping_2011"
"246","FR16T001","Prunus avium","2","Sweet_cherry_CRS_phenotyping_2012"
"247","FR16T024","Prunus avium","2.6","Sweet_cherry_CRS_phenotyping_2011"
"248","FR16T024","Prunus avium","3","Sweet_cherry_CRS_phenotyping_2012"
"249","FR16T040","Prunus avium","3","Sweet_cherry_CRS_phenotyping_2012"
"250","FR16T041","Prunus avium","1","Sweet_cherry_CRS_phenotyping_2012"
"251","FR17T006","Prunus avium","1","Sweet_cherry_CRS_phenotyping_2011"
"252","FR17T006","Prunus avium","1","Sweet_cherry_CRS_phenotyping_2012"
"253","FR17T051","Prunus avium","1","Sweet_cherry_CRS_phenotyping_2011"
"254","FR17T062","Prunus avium","3","Sweet_cherry_CRS_phenotyping_2012"
"255","FR18T017","Prunus avium","3","Sweet_cherry_CRS_phenotyping_2011"
"256","FR18T017","Prunus avium","4","Sweet_cherry_CRS_phenotyping_2012"
"257","FR18T018","Prunus avium","3","Sweet_cherry_CRS_phenotyping_2012"
"258","FR18T018","Prunus avium","3.8","Sweet_cherry_CRS_phenotyping_2011"
"259","FR18T019","Prunus avium","2","Sweet_cherry_CRS_phenotyping_2011"
"260","FR18T019","Prunus avium","3","Sweet_cherry_CRS_phenotyping_2012"
"261","FR18T020","Prunus avium","3","Sweet_cherry_CRS_phenotyping_2012"
"262","FR18T041","Prunus avium","2","Sweet_cherry_CRS_phenotyping_2011"
"263","FR18T042","Prunus avium","4","Sweet_cherry_CRS_phenotyping_2012"
"264","FR18T043","Prunus avium","2.3","Sweet_cherry_CRS_phenotyping_2011"
"265","FR18T043","Prunus avium","3","Sweet_cherry_CRS_phenotyping_2012"
"266","FR18T044","Prunus avium","4","Sweet_cherry_CRS_phenotyping_2011"
"267","FR18T044","Prunus avium","5","Sweet_cherry_CRS_phenotyping_2012"
"268","FR18T045","Prunus avium","3","Sweet_cherry_CRS_phenotyping_2012"
"269","FR18T048","Prunus avium","2.7","Sweet_cherry_CRS_phenotyping_2011"
"270","FR18T048","Prunus avium","3","Sweet_cherry_CRS_phenotyping_2012"
"271","FR18T052","Prunus avium","4","Sweet_cherry_CRS_phenotyping_2012"
"272","FR18T071","Prunus avium","1","Sweet_cherry_CRS_phenotyping_2011"
"273","FR18T071","Prunus avium","1","Sweet_cherry_CRS_phenotyping_2012"
"274","FR1T027","Prunus avium","1","Sweet_cherry_CRS_phenotyping_2011"
"275","FR1T027","Prunus avium","1","Sweet_cherry_CRS_phenotyping_2012"
"276","FR1T028","Prunus avium","1","Sweet_cherry_CRS_phenotyping_2011"
"277","FR1T028","Prunus avium","1","Sweet_cherry_CRS_phenotyping_2012"
"278","FR1T029","Prunus avium","2","Sweet_cherry_CRS_phenotyping_2011"
"279","FR1T029","Prunus avium","3","Sweet_cherry_CRS_phenotyping_2012"
"280","FR1T029","Prunus avium","3.4","Sweet_cherry_CRS_phenotyping_2010"
"281","FR1T030","Prunus avium","2.8","Sweet_cherry_CRS_phenotyping_2011"
"282","FR1T030","Prunus avium","4","Sweet_cherry_CRS_phenotyping_2010"
"283","FR1T030","Prunus avium","4","Sweet_cherry_CRS_phenotyping_2012"
"284","FR1T031","Prunus avium","4","Sweet_cherry_CRS_phenotyping_2011"
"285","FR1T031","Prunus avium","4","Sweet_cherry_CRS_phenotyping_2012"
"286","FR1T031","Prunus avium","5","Sweet_cherry_CRS_phenotyping_2010"
"287","FR1T032","Prunus avium","4.2","Sweet_cherry_CRS_phenotyping_2011"
"288","FR1T032","Prunus avium","5","Sweet_cherry_CRS_phenotyping_2010"
"289","FR1T032","Prunus avium","5","Sweet_cherry_CRS_phenotyping_2012"
"290","FR1T033","Prunus avium","4","Sweet_cherry_CRS_phenotyping_2010"
"291","FR1T033","Prunus avium","4","Sweet_cherry_CRS_phenotyping_2011"
"292","FR1T033","Prunus avium","4","Sweet_cherry_CRS_phenotyping_2012"
"293","FR1T037","Prunus avium","3","Sweet_cherry_CRS_phenotyping_2010"
"294","FR1T037","Prunus avium","3","Sweet_cherry_CRS_phenotyping_2012"
"295","FR1T037","Prunus avium","4","Sweet_cherry_CRS_phenotyping_2011"
"296","FR1T038","Prunus avium","4","Sweet_cherry_CRS_phenotyping_2011"
"297","FR1T038","Prunus avium","4","Sweet_cherry_CRS_phenotyping_2012"
"298","FR1T038","Prunus avium","5","Sweet_cherry_CRS_phenotyping_2010"
"299","FR1T039","Prunus avium","1","Sweet_cherry_CRS_phenotyping_2010"
"300","FR1T039","Prunus avium","1","Sweet_cherry_CRS_phenotyping_2011"
"301","FR1T039","Prunus avium","1","Sweet_cherry_CRS_phenotyping_2012"
"302","FR1T040","Prunus avium","1","Sweet_cherry_CRS_phenotyping_2010"
"303","FR1T040","Prunus avium","1","Sweet_cherry_CRS_phenotyping_2011"
"304","FR1T040","Prunus avium","1","Sweet_cherry_CRS_phenotyping_2012"
"305","FR1T041","Prunus avium","3","Sweet_cherry_CRS_phenotyping_2011"
"306","FR1T041","Prunus avium","3","Sweet_cherry_CRS_phenotyping_2012"
"307","FR1T041","Prunus avium","3.8","Sweet_cherry_CRS_phenotyping_2010"
"308","FR1T042","Prunus avium","3","Sweet_cherry_CRS_phenotyping_2011"
"309","FR1T042","Prunus avium","3","Sweet_cherry_CRS_phenotyping_2012"
"310","FR1T042","Prunus avium","3.6","Sweet_cherry_CRS_phenotyping_2010"
"311","FR1T054","Prunus avium","1","Sweet_cherry_CRS_phenotyping_2010"
"312","FR1T054","Prunus avium","1","Sweet_cherry_CRS_phenotyping_2011"
"313","FR1T054","Prunus avium","1","Sweet_cherry_CRS_phenotyping_2012"
"314","FR1T056","Prunus avium","3","Sweet_cherry_CRS_phenotyping_2010"
"315","FR1T056","Prunus avium","3","Sweet_cherry_CRS_phenotyping_2012"
"316","FR1T056","Prunus avium","4","Sweet_cherry_CRS_phenotyping_2011"
"317","FR1T065","Prunus avium","4","Sweet_cherry_CRS_phenotyping_2011"
"318","FR1T065","Prunus avium","4","Sweet_cherry_CRS_phenotyping_2012"
"319","FR1T065","Prunus avium","4.8","Sweet_cherry_CRS_phenotyping_2010"
"320","FR1T073","Prunus avium","3","Sweet_cherry_CRS_phenotyping_2012"
"321","FR1T073","Prunus avium","3.6","Sweet_cherry_CRS_phenotyping_2010"
"322","FR1T073","Prunus avium","4","Sweet_cherry_CRS_phenotyping_2011"
"323","FR21T037","Prunus avium","1","Sweet_cherry_CRS_phenotyping_2012"
"324","FR21T063","Prunus avium","3","Sweet_cherry_CRS_phenotyping_2012"
"325","FR22T001","Prunus avium","1","Sweet_cherry_CRS_phenotyping_2012"
"326","FR22T002","Prunus avium","1","Sweet_cherry_CRS_phenotyping_2011"
"327","FR22T002","Prunus avium","1","Sweet_cherry_CRS_phenotyping_2012"
"328","FR22T003","Prunus avium","1","Sweet_cherry_CRS_phenotyping_2012"
"329","FR22T004","Prunus avium","2","Sweet_cherry_CRS_phenotyping_2011"
"330","FR22T004","Prunus avium","4","Sweet_cherry_CRS_phenotyping_2012"
"331","FR22T006","Prunus avium","5","Sweet_cherry_CRS_phenotyping_2012"
"332","FR22T007","Prunus avium","3","Sweet_cherry_CRS_phenotyping_2012"
"333","FR23T065","Prunus avium","1","Sweet_cherry_CRS_phenotyping_2012"
"334","FR23T067","Prunus avium","5","Sweet_cherry_CRS_phenotyping_2012"
"335","FR23T068","Prunus avium","1","Sweet_cherry_CRS_phenotyping_2012"
"336","FR23T069","Prunus avium","1","Sweet_cherry_CRS_phenotyping_2012"
"337","FR23T089","Prunus avium","1","Sweet_cherry_CRS_phenotyping_2012"
"338","FR23T090","Prunus avium","4","Sweet_cherry_CRS_phenotyping_2012"
"339","FR23T090","Prunus avium","5","Sweet_cherry_CRS_phenotyping_2011"
"340","FR23T091","Prunus avium","4","Sweet_cherry_CRS_phenotyping_2012"
"341","FR23T095","Prunus avium","3","Sweet_cherry_CRS_phenotyping_2012"
"342","FR23T113","Prunus avium","1","Sweet_cherry_CRS_phenotyping_2012"
"343","FR23T116","Prunus avium","5","Sweet_cherry_CRS_phenotyping_2012"
"344","FR23T119","Prunus avium","1","Sweet_cherry_CRS_phenotyping_2011"
"345","FR23T120","Prunus avium","1","Sweet_cherry_CRS_phenotyping_2011"
"346","FR23T120","Prunus avium","1","Sweet_cherry_CRS_phenotyping_2012"
"347","FR23T127","Prunus avium","4","Sweet_cherry_CRS_phenotyping_2012"
"348","FR23T128","Prunus avium","1","Sweet_cherry_CRS_phenotyping_2012"
"349","FR23T129","Prunus avium","1.2","Sweet_cherry_CRS_phenotyping_2011"
"350","FR23T129","Prunus avium","3","Sweet_cherry_CRS_phenotyping_2012"
"351","FR23T130","Prunus avium","2.5","Sweet_cherry_CRS_phenotyping_2011"
"352","FR23T130","Prunus avium","3","Sweet_cherry_CRS_phenotyping_2012"
"353","FR23T131","Prunus avium","4","Sweet_cherry_CRS_phenotyping_2012"
"354","FR23T131","Prunus avium","4.8","Sweet_cherry_CRS_phenotyping_2011"
"355","FR24T069","Prunus avium","1","Sweet_cherry_CRS_phenotyping_2012"
"356","FR24T072","Prunus avium","1","Sweet_cherry_CRS_phenotyping_2012"
"357","FR24T077","Prunus avium","4","Sweet_cherry_CRS_phenotyping_2011"
"358","FR25T081","Prunus avium","2","Sweet_cherry_CRS_phenotyping_2011"
"359","FR25T081","Prunus avium","3.3","Sweet_cherry_CRS_phenotyping_2012"
"360","FR25T084","Prunus avium","4","Sweet_cherry_CRS_phenotyping_2012"
"361","FR25T086","Prunus avium","3","Sweet_cherry_CRS_phenotyping_2012"
"362","FR25T090","Prunus avium","3","Sweet_cherry_CRS_phenotyping_2011"
"363","FR25T090","Prunus avium","4","Sweet_cherry_CRS_phenotyping_2012"
"364","FR26T030","Prunus avium","4","Sweet_cherry_CRS_phenotyping_2012"
"365","FR26T031","Prunus avium","4","Sweet_cherry_CRS_phenotyping_2012"
"366","FR26T033","Prunus avium","4","Sweet_cherry_CRS_phenotyping_2011"
"367","FR26T033","Prunus avium","4","Sweet_cherry_CRS_phenotyping_2012"
"368","FR26T034","Prunus avium","4","Sweet_cherry_CRS_phenotyping_2011"
"369","FR26T034","Prunus avium","4","Sweet_cherry_CRS_phenotyping_2012"
"370","FR26T036","Prunus avium","1","Sweet_cherry_CRS_phenotyping_2011"
"371","FR26T036","Prunus avium","1","Sweet_cherry_CRS_phenotyping_2012"
"372","FR26T037","Prunus avium","3","Sweet_cherry_CRS_phenotyping_2011"
"373","FR26T037","Prunus avium","4","Sweet_cherry_CRS_phenotyping_2012"
"374","FR26T038","Prunus avium","3","Sweet_cherry_CRS_phenotyping_2011"
"375","FR26T038","Prunus avium","4","Sweet_cherry_CRS_phenotyping_2012"
"376","FR26T040","Prunus avium","4","Sweet_cherry_CRS_phenotyping_2012"
"377","FR27T001","Prunus avium","1","Sweet_cherry_CRS_phenotyping_2011"
"378","FR27T001","Prunus avium","2.2","Sweet_cherry_CRS_phenotyping_2012"
"379","FR27T006","Prunus avium","5","Sweet_cherry_CRS_phenotyping_2012"
"380","FR27T007","Prunus avium","4","Sweet_cherry_CRS_phenotyping_2012"
"381","FR27T008","Prunus avium","1","Sweet_cherry_CRS_phenotyping_2012"
"382","FR27T009","Prunus avium","1","Sweet_cherry_CRS_phenotyping_2011"
"383","FR27T010","Prunus avium","5","Sweet_cherry_CRS_phenotyping_2012"
"384","FR27T012","Prunus avium","1","Sweet_cherry_CRS_phenotyping_2011"
"385","FR27T012","Prunus avium","1","Sweet_cherry_CRS_phenotyping_2012"
"386","FR27T013","Prunus avium","1","Sweet_cherry_CRS_phenotyping_2011"
"387","FR27T013","Prunus avium","1","Sweet_cherry_CRS_phenotyping_2012"
"388","FR27T014","Prunus avium","1","Sweet_cherry_CRS_phenotyping_2011"
"389","FR27T014","Prunus avium","1","Sweet_cherry_CRS_phenotyping_2012"
"390","FR27T015","Prunus avium","1","Sweet_cherry_CRS_phenotyping_2011"
"391","FR27T015","Prunus avium","1","Sweet_cherry_CRS_phenotyping_2012"
"392","FR27T017","Prunus avium","1","Sweet_cherry_CRS_phenotyping_2012"
"393","FR27T050","Prunus avium","4","Sweet_cherry_CRS_phenotyping_2012"
"394","FR27T051","Prunus avium","4.2","Sweet_cherry_CRS_phenotyping_2012"
"395","FR27T052","Prunus avium","1","Sweet_cherry_CRS_phenotyping_2011"
"396","FR27T052","Prunus avium","1","Sweet_cherry_CRS_phenotyping_2012"
"397","FR27T053","Prunus avium","1","Sweet_cherry_CRS_phenotyping_2011"
"398","FR27T053","Prunus avium","1","Sweet_cherry_CRS_phenotyping_2012"
"399","FR27T054","Prunus avium","5","Sweet_cherry_CRS_phenotyping_2011"
"400","FR27T054","Prunus avium","5","Sweet_cherry_CRS_phenotyping_2012"
"401","FR27T094","Prunus avium","4","Sweet_cherry_CRS_phenotyping_2011"
"402","FR27T094","Prunus avium","4","Sweet_cherry_CRS_phenotyping_2012"
"403","FR27T096","Prunus avium","3","Sweet_cherry_CRS_phenotyping_2012"
"404","FR27T096","Prunus avium","5","Sweet_cherry_CRS_phenotyping_2011"
"405","FR27T097","Prunus avium","1","Sweet_cherry_CRS_phenotyping_2011"
"406","FR27T097","Prunus avium","2","Sweet_cherry_CRS_phenotyping_2012"
"407","FR27T099","Prunus avium","1","Sweet_cherry_CRS_phenotyping_2011"
"408","FR27T099","Prunus avium","2","Sweet_cherry_CRS_phenotyping_2012"
"409","FR27T102","Prunus avium","1","Sweet_cherry_CRS_phenotyping_2012"
"410","FR28T099","Prunus avium","1","Sweet_cherry_CRS_phenotyping_2012"
"411","FR29T073","Prunus avium","4.5","Sweet_cherry_CRS_phenotyping_2011"
"412","FR29T073","Prunus avium","5","Sweet_cherry_CRS_phenotyping_2012"
"413","FR29T117","Prunus avium","5","Sweet_cherry_CRS_phenotyping_2012"
"414","FR29T118","Prunus avium","2","Sweet_cherry_CRS_phenotyping_2012"
"415","FR29T119","Prunus avium","4","Sweet_cherry_CRS_phenotyping_2012"
"416","FR29T120","Prunus avium","1","Sweet_cherry_CRS_phenotyping_2011"
"417","FR29T120","Prunus avium","1","Sweet_cherry_CRS_phenotyping_2012"
"418","FR29T122","Prunus avium","1","Sweet_cherry_CRS_phenotyping_2011"
"419","FR29T122","Prunus avium","1","Sweet_cherry_CRS_phenotyping_2012"
"420","FR29T124","Prunus avium","5","Sweet_cherry_CRS_phenotyping_2011"
"421","FR29T124","Prunus avium","5","Sweet_cherry_CRS_phenotyping_2012"
"422","FR29T126","Prunus avium","1","Sweet_cherry_CRS_phenotyping_2012"
"423","FR2T035","Prunus avium","3.8","Sweet_cherry_CRS_phenotyping_2011"
"424","FR2T035","Prunus avium","4","Sweet_cherry_CRS_phenotyping_2012"
"425","FR2T035","Prunus avium","4.6","Sweet_cherry_CRS_phenotyping_2010"
"426","FR2T037","Prunus avium","1","Sweet_cherry_CRS_phenotyping_2010"
"427","FR2T037","Prunus avium","1","Sweet_cherry_CRS_phenotyping_2011"
"428","FR2T037","Prunus avium","1","Sweet_cherry_CRS_phenotyping_2012"
"429","FR2T038","Prunus avium","1","Sweet_cherry_CRS_phenotyping_2010"
"430","FR2T038","Prunus avium","1","Sweet_cherry_CRS_phenotyping_2011"
"431","FR2T038","Prunus avium","1","Sweet_cherry_CRS_phenotyping_2012"
"432","FR2T040","Prunus avium","2.3","Sweet_cherry_CRS_phenotyping_2011"
"433","FR2T040","Prunus avium","3","Sweet_cherry_CRS_phenotyping_2010"
"434","FR2T040","Prunus avium","3","Sweet_cherry_CRS_phenotyping_2012"
"435","FR2T045","Prunus avium","1","Sweet_cherry_CRS_phenotyping_2011"
"436","FR2T045","Prunus avium","3","Sweet_cherry_CRS_phenotyping_2012"
"437","FR2T045","Prunus avium","3.6","Sweet_cherry_CRS_phenotyping_2010"
"438","FR2T046","Prunus avium","1.4","Sweet_cherry_CRS_phenotyping_2011"
"439","FR2T046","Prunus avium","2","Sweet_cherry_CRS_phenotyping_2010"
"440","FR2T046","Prunus avium","3","Sweet_cherry_CRS_phenotyping_2012"
"441","FR2T048","Prunus avium","1.2","Sweet_cherry_CRS_phenotyping_2011"
"442","FR2T048","Prunus avium","3","Sweet_cherry_CRS_phenotyping_2012"
"443","FR2T049","Prunus avium","2.2","Sweet_cherry_CRS_phenotyping_2011"
"444","FR2T049","Prunus avium","3.6","Sweet_cherry_CRS_phenotyping_2012"
"445","FR2T049","Prunus avium","4","Sweet_cherry_CRS_phenotyping_2010"
"446","FR2T050","Prunus avium","1.6","Sweet_cherry_CRS_phenotyping_2011"
"447","FR2T050","Prunus avium","3.5","Sweet_cherry_CRS_phenotyping_2010"
"448","FR2T050","Prunus avium","4","Sweet_cherry_CRS_phenotyping_2012"
"449","FR2T054","Prunus avium","2","Sweet_cherry_CRS_phenotyping_2011"
"450","FR2T054","Prunus avium","2","Sweet_cherry_CRS_phenotyping_2012"
"451","FR2T054","Prunus avium","3","Sweet_cherry_CRS_phenotyping_2010"
"452","FR2T057","Prunus avium","1","Sweet_cherry_CRS_phenotyping_2011"
"453","FR2T057","Prunus avium","3.2","Sweet_cherry_CRS_phenotyping_2010"
"454","FR2T057","Prunus avium","3.4","Sweet_cherry_CRS_phenotyping_2012"
"455","FR2T079","Prunus avium","2.8","Sweet_cherry_CRS_phenotyping_2011"
"456","FR2T079","Prunus avium","3","Sweet_cherry_CRS_phenotyping_2010"
"457","FR2T079","Prunus avium","3","Sweet_cherry_CRS_phenotyping_2012"
"458","FR2T080","Prunus avium","2.4","Sweet_cherry_CRS_phenotyping_2011"
"459","FR2T080","Prunus avium","4","Sweet_cherry_CRS_phenotyping_2012"
"460","FR2T080","Prunus avium","5","Sweet_cherry_CRS_phenotyping_2010"
"461","FR30T099","Prunus avium","2","Sweet_cherry_CRS_phenotyping_2011"
"462","FR30T099","Prunus avium","4","Sweet_cherry_CRS_phenotyping_2012"
"463","FR30T100","Prunus avium","3","Sweet_cherry_CRS_phenotyping_2012"
"464","FR30T101","Prunus avium","3","Sweet_cherry_CRS_phenotyping_2012"
"465","FR30T102","Prunus avium","1","Sweet_cherry_CRS_phenotyping_2011"
"466","FR30T102","Prunus avium","3","Sweet_cherry_CRS_phenotyping_2012"
"467","FR30T103","Prunus avium","3","Sweet_cherry_CRS_phenotyping_2012"
"468","FR30T105","Prunus avium","3","Sweet_cherry_CRS_phenotyping_2012"
"469","FR30T106","Prunus avium","2.4","Sweet_cherry_CRS_phenotyping_2011"
"470","FR30T106","Prunus avium","4","Sweet_cherry_CRS_phenotyping_2012"
"471","FR30T107","Prunus avium","4","Sweet_cherry_CRS_phenotyping_2012"
"472","FR30T108","Prunus avium","4","Sweet_cherry_CRS_phenotyping_2012"
"473","FR30T108","Prunus avium","5","Sweet_cherry_CRS_phenotyping_2011"
"474","FR30T109","Prunus avium","1","Sweet_cherry_CRS_phenotyping_2011"
"475","FR30T109","Prunus avium","3","Sweet_cherry_CRS_phenotyping_2012"
"476","FR31T007","Prunus avium","1","Sweet_cherry_CRS_phenotyping_2011"
"477","FR31T007","Prunus avium","1","Sweet_cherry_CRS_phenotyping_2012"
"478","FR31T008","Prunus avium","2","Sweet_cherry_CRS_phenotyping_2012"
"479","FR31T009","Prunus avium","2","Sweet_cherry_CRS_phenotyping_2012"
"480","FR31T010","Prunus avium","3","Sweet_cherry_CRS_phenotyping_2011"
"481","FR31T010","Prunus avium","4","Sweet_cherry_CRS_phenotyping_2012"
"482","FR31T011","Prunus avium","3.2","Sweet_cherry_CRS_phenotyping_2012"
"483","FR31T013","Prunus avium","2","Sweet_cherry_CRS_phenotyping_2012"
"484","FR31T014","Prunus avium","5","Sweet_cherry_CRS_phenotyping_2012"
"485","FR33T001","Prunus avium","3","Sweet_cherry_CRS_phenotyping_2012"
"486","FR33T004","Prunus avium","1","Sweet_cherry_CRS_phenotyping_2011"
"487","FR33T004","Prunus avium","1","Sweet_cherry_CRS_phenotyping_2012"
"488","FR33T005","Prunus avium","1","Sweet_cherry_CRS_phenotyping_2011"
"489","FR33T005","Prunus avium","1","Sweet_cherry_CRS_phenotyping_2012"
"490","FR33T006","Prunus avium","1","Sweet_cherry_CRS_phenotyping_2011"
"491","FR33T006","Prunus avium","1","Sweet_cherry_CRS_phenotyping_2012"
"492","FR33T007","Prunus avium","1","Sweet_cherry_CRS_phenotyping_2012"
"493","FR33T008","Prunus avium","3","Sweet_cherry_CRS_phenotyping_2011"
"494","FR33T008","Prunus avium","5","Sweet_cherry_CRS_phenotyping_2012"
"495","FR33T011","Prunus avium","4","Sweet_cherry_CRS_phenotyping_2012"
"496","FR35T101","Prunus avium","4","Sweet_cherry_CRS_phenotyping_2011"
"497","FR35T101","Prunus avium","4","Sweet_cherry_CRS_phenotyping_2012"
"498","FR35T102","Prunus avium","3.6","Sweet_cherry_CRS_phenotyping_2011"
"499","FR35T102","Prunus avium","5","Sweet_cherry_CRS_phenotyping_2012"
"500","FR35T103","Prunus avium","3","Sweet_cherry_CRS_phenotyping_2011"
"501","FR35T103","Prunus avium","4","Sweet_cherry_CRS_phenotyping_2012"
"502","FR35T104","Prunus avium","1","Sweet_cherry_CRS_phenotyping_2011"
"503","FR35T104","Prunus avium","1","Sweet_cherry_CRS_phenotyping_2012"
"504","FR35T105","Prunus avium","2.5","Sweet_cherry_CRS_phenotyping_2011"
"505","FR35T105","Prunus avium","5","Sweet_cherry_CRS_phenotyping_2012"
"506","FR35T108","Prunus avium","1","Sweet_cherry_CRS_phenotyping_2011"
"507","FR35T108","Prunus avium","1","Sweet_cherry_CRS_phenotyping_2012"
"508","FR35T110","Prunus avium","2","Sweet_cherry_CRS_phenotyping_2011"
"509","FR35T110","Prunus avium","5","Sweet_cherry_CRS_phenotyping_2012"
"510","FR38T001","Prunus avium","3","Sweet_cherry_CRS_phenotyping_2012"
"511","FR38T002","Prunus avium","4","Sweet_cherry_CRS_phenotyping_2012"
"512","FR38T003","Prunus avium","3","Sweet_cherry_CRS_phenotyping_2012"
"513","FR38T005","Prunus avium","3.6","Sweet_cherry_CRS_phenotyping_2012"
"514","FR3T002","Prunus avium","1.4","Sweet_cherry_CRS_phenotyping_2011"
"515","FR3T002","Prunus avium","3","Sweet_cherry_CRS_phenotyping_2012"
"516","FR3T002","Prunus avium","4","Sweet_cherry_CRS_phenotyping_2010"
"517","FR3T003","Prunus avium","1.3","Sweet_cherry_CRS_phenotyping_2011"
"518","FR3T003","Prunus avium","2","Sweet_cherry_CRS_phenotyping_2012"
"519","FR3T004","Prunus avium","3","Sweet_cherry_CRS_phenotyping_2011"
"520","FR3T004","Prunus avium","3.8","Sweet_cherry_CRS_phenotyping_2010"
"521","FR3T004","Prunus avium","4","Sweet_cherry_CRS_phenotyping_2012"
"522","FR3T005","Prunus avium","1","Sweet_cherry_CRS_phenotyping_2011"
"523","FR3T005","Prunus avium","3","Sweet_cherry_CRS_phenotyping_2012"
"524","FR3T007","Prunus avium","1","Sweet_cherry_CRS_phenotyping_2011"
"525","FR3T007","Prunus avium","3","Sweet_cherry_CRS_phenotyping_2012"
"526","FR3T008","Prunus avium","1","Sweet_cherry_CRS_phenotyping_2011"
"527","FR3T008","Prunus avium","1","Sweet_cherry_CRS_phenotyping_2012"
"528","FR3T009","Prunus avium","2.8","Sweet_cherry_CRS_phenotyping_2011"
"529","FR3T009","Prunus avium","3.4","Sweet_cherry_CRS_phenotyping_2012"
"530","FR3T011","Prunus avium","3","Sweet_cherry_CRS_phenotyping_2012"
"531","FR3T013","Prunus avium","3","Sweet_cherry_CRS_phenotyping_2011"
"532","FR3T013","Prunus avium","3","Sweet_cherry_CRS_phenotyping_2012"
"533","FR3T014","Prunus avium","2.5","Sweet_cherry_CRS_phenotyping_2010"
"534","FR3T014","Prunus avium","4","Sweet_cherry_CRS_phenotyping_2012"
"535","FR3T014","Prunus avium","4.4","Sweet_cherry_CRS_phenotyping_2011"
"536","FR3T015","Prunus avium","2.2","Sweet_cherry_CRS_phenotyping_2011"
"537","FR3T015","Prunus avium","4","Sweet_cherry_CRS_phenotyping_2012"
"538","FR3T016","Prunus avium","2","Sweet_cherry_CRS_phenotyping_2011"
"539","FR3T016","Prunus avium","3","Sweet_cherry_CRS_phenotyping_2012"
"540","FR3T016","Prunus avium","4.6","Sweet_cherry_CRS_phenotyping_2010"
"541","FR3T017","Prunus avium","4","Sweet_cherry_CRS_phenotyping_2012"
"542","FR3T018","Prunus avium","2","Sweet_cherry_CRS_phenotyping_2011"
"543","FR3T018","Prunus avium","3","Sweet_cherry_CRS_phenotyping_2012"
"544","FR3T018","Prunus avium","3.8","Sweet_cherry_CRS_phenotyping_2010"
"545","FR3T019","Prunus avium","4","Sweet_cherry_CRS_phenotyping_2012"
"546","FR3T020","Prunus avium","1.3","Sweet_cherry_CRS_phenotyping_2011"
"547","FR3T020","Prunus avium","3","Sweet_cherry_CRS_phenotyping_2012"
"548","FR3T020","Prunus avium","4","Sweet_cherry_CRS_phenotyping_2010"
"549","FR3T021","Prunus avium","4","Sweet_cherry_CRS_phenotyping_2011"
"550","FR3T021","Prunus avium","4","Sweet_cherry_CRS_phenotyping_2012"
"551","FR3T021","Prunus avium","5","Sweet_cherry_CRS_phenotyping_2010"
"552","FR3T022","Prunus avium","3","Sweet_cherry_CRS_phenotyping_2011"
"553","FR3T022","Prunus avium","3","Sweet_cherry_CRS_phenotyping_2012"
"554","FR3T023","Prunus avium","3","Sweet_cherry_CRS_phenotyping_2012"
"555","FR3T023","Prunus avium","3.4","Sweet_cherry_CRS_phenotyping_2011"
"556","FR3T025","Prunus avium","2.6","Sweet_cherry_CRS_phenotyping_2011"
"557","FR3T025","Prunus avium","4","Sweet_cherry_CRS_phenotyping_2012"
"558","FR3T025","Prunus avium","5","Sweet_cherry_CRS_phenotyping_2010"
"559","FR3T026","Prunus avium","3","Sweet_cherry_CRS_phenotyping_2011"
"560","FR3T026","Prunus avium","3","Sweet_cherry_CRS_phenotyping_2012"
"561","FR3T027","Prunus avium","3.4","Sweet_cherry_CRS_phenotyping_2011"
"562","FR3T027","Prunus avium","4","Sweet_cherry_CRS_phenotyping_2012"
"563","FR3T028","Prunus avium","4","Sweet_cherry_CRS_phenotyping_2012"
"564","FR3T029","Prunus avium","3","Sweet_cherry_CRS_phenotyping_2012"
"565","FR3T029","Prunus avium","4","Sweet_cherry_CRS_phenotyping_2010"
"566","FR3T029","Prunus avium","4","Sweet_cherry_CRS_phenotyping_2011"
"567","FR3T030","Prunus avium","3.2","Sweet_cherry_CRS_phenotyping_2011"
"568","FR3T030","Prunus avium","4","Sweet_cherry_CRS_phenotyping_2012"
"569","FR3T031","Prunus avium","3.6","Sweet_cherry_CRS_phenotyping_2011"
"570","FR3T031","Prunus avium","4","Sweet_cherry_CRS_phenotyping_2012"
"571","FR3T032","Prunus avium","4","Sweet_cherry_CRS_phenotyping_2011"
"572","FR3T032","Prunus avium","5","Sweet_cherry_CRS_phenotyping_2012"
"573","FR3T033","Prunus avium","4","Sweet_cherry_CRS_phenotyping_2011"
"574","FR3T033","Prunus avium","4","Sweet_cherry_CRS_phenotyping_2012"
"575","FR3T034","Prunus avium","3","Sweet_cherry_CRS_phenotyping_2011"
"576","FR3T034","Prunus avium","3","Sweet_cherry_CRS_phenotyping_2012"
"577","FR3T043","Prunus avium","1.4","Sweet_cherry_CRS_phenotyping_2011"
"578","FR3T043","Prunus avium","2.8","Sweet_cherry_CRS_phenotyping_2010"
"579","FR3T043","Prunus avium","3","Sweet_cherry_CRS_phenotyping_2012"
"580","FR3T044","Prunus avium","3.5","Sweet_cherry_CRS_phenotyping_2011"
"581","FR3T044","Prunus avium","4","Sweet_cherry_CRS_phenotyping_2012"
"582","FR3T046","Prunus avium","3.8","Sweet_cherry_CRS_phenotyping_2011"
"583","FR3T046","Prunus avium","4","Sweet_cherry_CRS_phenotyping_2012"
"584","FR3T047","Prunus avium","2.2","Sweet_cherry_CRS_phenotyping_2011"
"585","FR3T047","Prunus avium","5","Sweet_cherry_CRS_phenotyping_2012"
"586","FR3T050","Prunus avium","3.4","Sweet_cherry_CRS_phenotyping_2010"
"587","FR3T050","Prunus avium","3.8","Sweet_cherry_CRS_phenotyping_2011"
"588","FR3T050","Prunus avium","4","Sweet_cherry_CRS_phenotyping_2012"
"589","FR3T056","Prunus avium","3","Sweet_cherry_CRS_phenotyping_2011"
"590","FR3T056","Prunus avium","3.8","Sweet_cherry_CRS_phenotyping_2012"
"591","FR3T056","Prunus avium","5","Sweet_cherry_CRS_phenotyping_2010"
"592","FR3T057","Prunus avium","4","Sweet_cherry_CRS_phenotyping_2011"
"593","FR3T057","Prunus avium","4","Sweet_cherry_CRS_phenotyping_2012"
"594","FR3T057","Prunus avium","5","Sweet_cherry_CRS_phenotyping_2010"
"595","FR3T058","Prunus avium","2.8","Sweet_cherry_CRS_phenotyping_2011"
"596","FR3T058","Prunus avium","3","Sweet_cherry_CRS_phenotyping_2012"
"597","FR42T001","Prunus avium","4","Sweet_cherry_CRS_phenotyping_2011"
"598","FR42T003","Prunus avium","3","Sweet_cherry_CRS_phenotyping_2012"
"599","FR42T005","Prunus avium","2","Sweet_cherry_CRS_phenotyping_2012"
"600","FR42T007","Prunus avium","3","Sweet_cherry_CRS_phenotyping_2012"
"601","FR42T045","Prunus avium","4","Sweet_cherry_CRS_phenotyping_2012"
"602","FR42T048","Prunus avium","3","Sweet_cherry_CRS_phenotyping_2011"
"603","FR42T048","Prunus avium","4","Sweet_cherry_CRS_phenotyping_2012"
"604","FR47T058","Prunus avium","3","Sweet_cherry_CRS_phenotyping_2012"
"605","FR47T059","Prunus avium","3","Sweet_cherry_CRS_phenotyping_2012"
"606","FR5T019","Prunus avium","3","Sweet_cherry_CRS_phenotyping_2011"
"607","FR5T019","Prunus avium","4","Sweet_cherry_CRS_phenotyping_2012"
"608","FR5T021","Prunus avium","2","Sweet_cherry_CRS_phenotyping_2010"
"609","FR5T021","Prunus avium","2","Sweet_cherry_CRS_phenotyping_2011"
"610","FR5T021","Prunus avium","4","Sweet_cherry_CRS_phenotyping_2012"
"611","FR5T025","Prunus avium","2.5","Sweet_cherry_CRS_phenotyping_2011"
"612","FR5T025","Prunus avium","4","Sweet_cherry_CRS_phenotyping_2012"
"613","FR8T002","Prunus avium","5","Sweet_cherry_CRS_phenotyping_2011"
"614","FR8T002","Prunus avium","5","Sweet_cherry_CRS_phenotyping_2012"
"615","FR8T003","Prunus avium","4","Sweet_cherry_CRS_phenotyping_2011"
"616","FR8T003","Prunus avium","4","Sweet_cherry_CRS_phenotyping_2012"
"617","FR8T004","Prunus avium","5","Sweet_cherry_CRS_phenotyping_2012"
"618","FR8T005","Prunus avium","5","Sweet_cherry_CRS_phenotyping_2012"
"619","FR8T006","Prunus avium","5","Sweet_cherry_CRS_phenotyping_2012"
"620","FR8T007","Prunus avium","5","Sweet_cherry_CRS_phenotyping_2012"
"621","FR8T010","Prunus avium","5","Sweet_cherry_CRS_phenotyping_2012"
"622","FR8T011","Prunus avium","4","Sweet_cherry_CRS_phenotyping_2011"
"623","FR8T011","Prunus avium","5","Sweet_cherry_CRS_phenotyping_2012"
"624","FR8T047","Prunus avium","4","Sweet_cherry_CRS_phenotyping_2012"
"625","FR8T053","Prunus avium","3","Sweet_cherry_CRS_phenotyping_2012"
"626","FR8T057","Prunus avium","1.4","Sweet_cherry_CRS_phenotyping_2011"
"627","FR8T057","Prunus avium","4","Sweet_cherry_CRS_phenotyping_2012"
"628","FR9T031","Prunus avium","1","Sweet_cherry_CRS_phenotyping_2010"
"629","FR9T031","Prunus avium","1","Sweet_cherry_CRS_phenotyping_2012"
"630","FR9T032","Prunus avium","2","Sweet_cherry_CRS_phenotyping_2011"
"631","FR9T032","Prunus avium","3","Sweet_cherry_CRS_phenotyping_2012"
"632","FR9T032","Prunus avium","4","Sweet_cherry_CRS_phenotyping_2010"
"633","FR9T033","Prunus avium","4","Sweet_cherry_CRS_phenotyping_2011"
"634","FR9T033","Prunus avium","5","Sweet_cherry_CRS_phenotyping_2012"
"635","FR9T034","Prunus avium","4","Sweet_cherry_CRS_phenotyping_2011"
"636","FR9T034","Prunus avium","5","Sweet_cherry_CRS_phenotyping_2012"
"637","FR9T081","Prunus avium","3","Sweet_cherry_CRS_phenotyping_2011"
"638","FR9T081","Prunus avium","5","Sweet_cherry_CRS_phenotyping_2012"
"639","FR9T083","Prunus avium","2","Sweet_cherry_CRS_phenotyping_2011"
"640","FR9T083","Prunus avium","4","Sweet_cherry_CRS_phenotyping_2012"
"641","FR9T084","Prunus avium","4","Sweet_cherry_CRS_phenotyping_2011"
"642","FR9T084","Prunus avium","5","Sweet_cherry_CRS_phenotyping_2012"
"643","FR9T085","Prunus avium","2","Sweet_cherry_CRS_phenotyping_2011"
"644","FR9T085","Prunus avium","4","Sweet_cherry_CRS_phenotyping_2012"
"645","FR9T086","Prunus avium","3","Sweet_cherry_CRS_phenotyping_2011"
"646","FR9T086","Prunus avium","3.4","Sweet_cherry_CRS_phenotyping_2012"
"647","FR9T087","Prunus avium","2","Sweet_cherry_CRS_phenotyping_2011"
"648","FR9T087","Prunus avium","3","Sweet_cherry_CRS_phenotyping_2012"
"649","FR9T096","Prunus avium","5","Sweet_cherry_CRS_phenotyping_2012"
"650","FR9T097","Prunus avium","4","Sweet_cherry_CRS_phenotyping_2011"
"651","FR9T097","Prunus avium","4","Sweet_cherry_CRS_phenotyping_2012"
"652","FR9T098","Prunus avium","3.8","Sweet_cherry_CRS_phenotyping_2012"
"653","FR9T098","Prunus avium","4","Sweet_cherry_CRS_phenotyping_2011"
"654","PC 9816-005","Prunus avium","3.6","Sweet_cherry_CRS_phenotyping_2010"
"655","PC 9816-023","Prunus avium","5","Sweet_cherry_CRS_phenotyping_2010"
"656","PC 9816-041","Prunus avium","3.8","Sweet_cherry_CRS_phenotyping_2010"
"657","PC 9816-059","Prunus avium","3.2","Sweet_cherry_CRS_phenotyping_2010"
"658","PC 9816-083","Prunus avium","4","Sweet_cherry_CRS_phenotyping_2010"
"659","PC 9816-103","Prunus avium","4","Sweet_cherry_CRS_phenotyping_2010"
"660","PC 9816-105","Prunus avium","4.2","Sweet_cherry_CRS_phenotyping_2010"
"661","PC 9816-106","Prunus avium","3.2","Sweet_cherry_CRS_phenotyping_2010"
"662","PC 9816-078","Prunus avium","5","Sweet_cherry_CRS_phenotyping_2010"
"663","PC 9819-005","Prunus avium","4.4","Sweet_cherry_CRS_phenotyping_2010"
"664","PC 9819-038","Prunus avium","5","Sweet_cherry_CRS_phenotyping_2010"
"665","PC 9814-025","Prunus avium","5","Sweet_cherry_CRS_phenotyping_2010"
"666","PC 9814-103","Prunus avium","4","Sweet_cherry_CRS_phenotyping_2010"
"667","PC 9814-105","Prunus avium","3.2","Sweet_cherry_CRS_phenotyping_2010"
"668","PC 9814-028","Prunus avium","3","Sweet_cherry_CRS_phenotyping_2010"
"669","PC 9814-062","Prunus avium","3","Sweet_cherry_CRS_phenotyping_2010"
"670","PC 9814-063","Prunus avium","4","Sweet_cherry_CRS_phenotyping_2010"
"671","PC 9814-071","Prunus avium","3.6","Sweet_cherry_CRS_phenotyping_2010"
"672","PC 9814-076","Prunus avium","4","Sweet_cherry_CRS_phenotyping_2010"
"673","PC 9819-034","Prunus avium","5","Sweet_cherry_CRS_phenotyping_2010"
"674","Unk10-Sdlg","Prunus avium","1","Sweet_cherry_CRS_phenotyping_2011"
"675","Unk10-Sdlg","Prunus avium","1","Sweet_cherry_CRS_phenotyping_2012"
"676","Unk11-Sdlg","Prunus avium","3","Sweet_cherry_CRS_phenotyping_2012"
"677","Unk11-Sdlg","Prunus avium","4","Sweet_cherry_CRS_phenotyping_2011"
"678","Unk12-Sdlg","Prunus avium","1","Sweet_cherry_CRS_phenotyping_2012"
"679","Unk14-Sdlg","Prunus avium","3.2","Sweet_cherry_CRS_phenotyping_2012"
"680","Unk14-Sdlg","Prunus avium","5","Sweet_cherry_CRS_phenotyping_2011"
"681","Unk15-Sdlg","Prunus avium","4.6","Sweet_cherry_CRS_phenotyping_2011"
"682","Unk15-Sdlg","Prunus avium","5","Sweet_cherry_CRS_phenotyping_2010"
"683","Unk15-Sdlg","Prunus avium","5","Sweet_cherry_CRS_phenotyping_2012"
"684","Unk16-Sdlg","Prunus avium","2","Sweet_cherry_CRS_phenotyping_2011"
"685","Unk16-Sdlg","Prunus avium","3","Sweet_cherry_CRS_phenotyping_2012"
"686","Unk17-Sdlg","Prunus avium","1","Sweet_cherry_CRS_phenotyping_2010"
"687","Unk1-Sdlg","Prunus avium","1","Sweet_cherry_CRS_phenotyping_2012"
"688","Unk20-Sdlg","Prunus avium","5","Sweet_cherry_CRS_phenotyping_2011"
"689","Unk22-Sdlg","Prunus avium","4","Sweet_cherry_CRS_phenotyping_2012"
"690","Unk23-Sdlg","Prunus avium","4","Sweet_cherry_CRS_phenotyping_2012"
"691","Unk25-Sdlg","Prunus avium","3","Sweet_cherry_CRS_phenotyping_2011"
"692","Unk25-Sdlg","Prunus avium","3","Sweet_cherry_CRS_phenotyping_2012"
"693","Unk6-Sdlg","Prunus avium","4","Sweet_cherry_CRS_phenotyping_2012"
"694","Unk9-Sdlg","Prunus avium","4","Sweet_cherry_CRS_phenotyping_2012"
"695","Emperor Francis","Prunus avium","1","Sweet_cherry_CRS_phenotyping_2011"
"696","Emperor Francis","Prunus avium","1","Sweet_cherry_CRS_phenotyping_2012"
"697","Black Republican","Prunus avium","4","Sweet_cherry_CRS_phenotyping_2011"
"698","Black Republican","Prunus avium","4","Sweet_cherry_CRS_phenotyping_2012"
"699","Krupnoplodnaya","Prunus avium","4","Sweet_cherry_CRS_phenotyping_2012"
"700","Venus","Prunus avium","1","Sweet_cherry_CRS_phenotyping_2011"
"701","Venus","Prunus avium","4","Sweet_cherry_CRS_phenotyping_2012"
"702","Moreau","Prunus avium","4.6","Sweet_cherry_CRS_phenotyping_2011"
"703","Moreau","Prunus avium","5","Sweet_cherry_CRS_phenotyping_2012"
"704","Index","Prunus avium","2.2","Sweet_cherry_CRS_phenotyping_2011"
"705","Index","Prunus avium","3","Sweet_cherry_CRS_phenotyping_2010"
"706","Index","Prunus avium","3","Sweet_cherry_CRS_phenotyping_2012"
"707","Sunburst","Prunus avium","2.8","Sweet_cherry_CRS_phenotyping_2011"
"708","Sunburst","Prunus avium","4","Sweet_cherry_CRS_phenotyping_2012"
