"#","Germplasm","Species","Harvest_Date","Dataset"
"1","Summit","Prunus avium","6/22/2011","Sweet_cherry_CRS_phenotyping_2011"
"2","Summit","Prunus avium","6/24/2010","Sweet_cherry_CRS_phenotyping_2010"
"3","Lambert","Prunus avium","7/2/2012","Sweet_cherry_CRS_phenotyping_2012"
"4","Lambert","Prunus avium","7/3/2011","Sweet_cherry_CRS_phenotyping_2011"
"5","Regina","Prunus avium","7/11/2010","Sweet_cherry_CRS_phenotyping_2010"
"6","Regina","Prunus avium","7/13/2011","Sweet_cherry_CRS_phenotyping_2011"
"7","Regina","Prunus avium","7/9/2012","Sweet_cherry_CRS_phenotyping_2012"
"8","Ambrunes","Prunus avium","7/16/2012","Sweet_cherry_CRS_phenotyping_2012"
"9","Ambrunes","Prunus avium","7/22/2011","Sweet_cherry_CRS_phenotyping_2011"
"10","Ambrunes","Prunus avium","7/24/2010","Sweet_cherry_CRS_phenotyping_2010"
"11","Lapins","Prunus avium","7/11/2011","Sweet_cherry_CRS_phenotyping_2011"
"12","Lapins","Prunus avium","7/2/2012","Sweet_cherry_CRS_phenotyping_2012"
"13","Lapins","Prunus avium","7/9/2010","Sweet_cherry_CRS_phenotyping_2010"
"14","Stella","Prunus avium","7/2/2012","Sweet_cherry_CRS_phenotyping_2012"
"15","Stella","Prunus avium","7/5/2011","Sweet_cherry_CRS_phenotyping_2011"
"16","Sweetheart","Prunus avium","7/11/2012","Sweet_cherry_CRS_phenotyping_2012"
"17","Sweetheart","Prunus avium","7/18/2011","Sweet_cherry_CRS_phenotyping_2011"
"18","Sweetheart","Prunus avium","7/19/2010","Sweet_cherry_CRS_phenotyping_2010"
"19","Van","Prunus avium","7/5/2011","Sweet_cherry_CRS_phenotyping_2011"
"20","Schneiders","Prunus avium","7/4/2012","Sweet_cherry_CRS_phenotyping_2012"
"21","Bing","Prunus avium","6/29/2011","Sweet_cherry_CRS_phenotyping_2011"
"22","Bing","Prunus avium","6/29/2012","Sweet_cherry_CRS_phenotyping_2012"
"23","Rainier","Prunus avium","7/5/2011","Sweet_cherry_CRS_phenotyping_2011"
"24","Rainier","Prunus avium","7/5/2012","Sweet_cherry_CRS_phenotyping_2012"
"25","Rainier","Prunus avium","7/6/2010","Sweet_cherry_CRS_phenotyping_2010"
"26","Benton","Prunus avium","6/26/2011","Sweet_cherry_CRS_phenotyping_2011"
"27","Benton","Prunus avium","6/26/2012","Sweet_cherry_CRS_phenotyping_2012"
"28","Cashmere","Prunus avium","6/24/2011","Sweet_cherry_CRS_phenotyping_2011"
"29","Cashmere","Prunus avium","6/26/2010","Sweet_cherry_CRS_phenotyping_2010"
"30","Cashmere","Prunus avium","6/26/2012","Sweet_cherry_CRS_phenotyping_2012"
"31","Chelan","Prunus avium","6/17/2011","Sweet_cherry_CRS_phenotyping_2011"
"32","Chelan","Prunus avium","6/17/2012","Sweet_cherry_CRS_phenotyping_2012"
"33","Chelan","Prunus avium","6/18/2010","Sweet_cherry_CRS_phenotyping_2010"
"34","Chinook","Prunus avium","6/22/2012","Sweet_cherry_CRS_phenotyping_2012"
"35","Chinook","Prunus avium","6/25/2011","Sweet_cherry_CRS_phenotyping_2011"
"36","Cowiche","Prunus avium","7/10/2010","Sweet_cherry_CRS_phenotyping_2010"
"37","Cowiche","Prunus avium","7/7/2012","Sweet_cherry_CRS_phenotyping_2012"
"38","Cowiche","Prunus avium","7/9/2011","Sweet_cherry_CRS_phenotyping_2011"
"39","Gil Peck","Prunus avium","6/28/2012","Sweet_cherry_CRS_phenotyping_2012"
"40","Glacier","Prunus avium","6/22/2010","Sweet_cherry_CRS_phenotyping_2010"
"41","Glacier","Prunus avium","6/22/2011","Sweet_cherry_CRS_phenotyping_2011"
"42","Glacier","Prunus avium","6/24/2012","Sweet_cherry_CRS_phenotyping_2012"
"43","Kiona","Prunus avium","6/28/2011","Sweet_cherry_CRS_phenotyping_2011"
"44","Kiona","Prunus avium","6/28/2012","Sweet_cherry_CRS_phenotyping_2012"
"45","Kiona","Prunus avium","6/29/2010","Sweet_cherry_CRS_phenotyping_2010"
"46","NY 54","Prunus avium","6/21/2011","Sweet_cherry_CRS_phenotyping_2011"
"47","NY 54","Prunus avium","6/25/2012","Sweet_cherry_CRS_phenotyping_2012"
"48","PMR-1","Prunus avium","7/4/2010","Sweet_cherry_CRS_phenotyping_2010"
"49","PMR-1","Prunus avium","7/5/2011","Sweet_cherry_CRS_phenotyping_2011"
"50","PMR-1","Prunus avium","7/7/2012","Sweet_cherry_CRS_phenotyping_2012"
"51","Schmidt","Prunus avium","6/24/2011","Sweet_cherry_CRS_phenotyping_2011"
"52","Schmidt","Prunus avium","6/25/2012","Sweet_cherry_CRS_phenotyping_2012"
"53","Selah","Prunus avium","7/5/2012","Sweet_cherry_CRS_phenotyping_2012"
"54","Selah","Prunus avium","7/9/2011","Sweet_cherry_CRS_phenotyping_2011"
"55","Tieton","Prunus avium","6/21/2011","Sweet_cherry_CRS_phenotyping_2011"
"56","Tieton","Prunus avium","6/22/2010","Sweet_cherry_CRS_phenotyping_2010"
"57","Vic","Prunus avium","7/3/2011","Sweet_cherry_CRS_phenotyping_2011"
"58","Vic","Prunus avium","7/5/2012","Sweet_cherry_CRS_phenotyping_2012"
"59","Windsor","Prunus avium","6/26/2012","Sweet_cherry_CRS_phenotyping_2012"
"60","Windsor","Prunus avium","7/1/2011","Sweet_cherry_CRS_phenotyping_2011"
"61","Kordia","Prunus avium","7/5/2012","Sweet_cherry_CRS_phenotyping_2012"
"62","Kordia","Prunus avium","7/8/2011","Sweet_cherry_CRS_phenotyping_2011"
"63","FR1T068","Prunus avium","7/11/2012","Sweet_cherry_CRS_phenotyping_2012"
"64","FR1T068","Prunus avium","7/15/2010","Sweet_cherry_CRS_phenotyping_2010"
"65","FR12T078","Prunus avium","6/27/2012","Sweet_cherry_CRS_phenotyping_2012"
"66","FR8T012","Prunus avium","6/28/2012","Sweet_cherry_CRS_phenotyping_2012"
"67","FR8T012","Prunus avium","7/1/2011","Sweet_cherry_CRS_phenotyping_2011"
"68","FR12T081","Prunus avium","6/20/2012","Sweet_cherry_CRS_phenotyping_2012"
"69","FR12T081","Prunus avium","6/28/2011","Sweet_cherry_CRS_phenotyping_2011"
"70","FR28T002","Prunus avium","6/27/2012","Sweet_cherry_CRS_phenotyping_2012"
"71","FR1T036","Prunus avium","7/14/2011","Sweet_cherry_CRS_phenotyping_2011"
"72","FR1T036","Prunus avium","7/16/2012","Sweet_cherry_CRS_phenotyping_2012"
"73","FR1T036","Prunus avium","7/19/2010","Sweet_cherry_CRS_phenotyping_2010"
"74","FR1T074","Prunus avium","7/15/2010","Sweet_cherry_CRS_phenotyping_2010"
"75","FR1T074","Prunus avium","7/16/2012","Sweet_cherry_CRS_phenotyping_2012"
"76","FR1T074","Prunus avium","7/21/2011","Sweet_cherry_CRS_phenotyping_2011"
"77","FR2T063","Prunus avium","7/10/2012","Sweet_cherry_CRS_phenotyping_2012"
"78","FR2T030","Prunus avium","7/12/2010","Sweet_cherry_CRS_phenotyping_2010"
"79","FR2T030","Prunus avium","7/15/2011","Sweet_cherry_CRS_phenotyping_2011"
"80","FR14T012","Prunus avium","6/21/2012","Sweet_cherry_CRS_phenotyping_2012"
"81","FR3T070","Prunus avium","7/19/2010","Sweet_cherry_CRS_phenotyping_2010"
"82","FR3T070","Prunus avium","7/21/2011","Sweet_cherry_CRS_phenotyping_2011"
"83","FR1T035","Prunus avium","7/14/2010","Sweet_cherry_CRS_phenotyping_2010"
"84","FR1T035","Prunus avium","7/16/2012","Sweet_cherry_CRS_phenotyping_2012"
"85","FR1T035","Prunus avium","7/21/2011","Sweet_cherry_CRS_phenotyping_2011"
"86","FR1T066","Prunus avium","7/11/2012","Sweet_cherry_CRS_phenotyping_2012"
"87","FR1T066","Prunus avium","7/14/2011","Sweet_cherry_CRS_phenotyping_2011"
"88","FR1T066","Prunus avium","7/15/2010","Sweet_cherry_CRS_phenotyping_2010"
"89","FR1T069","Prunus avium","7/15/2010","Sweet_cherry_CRS_phenotyping_2010"
"90","FR1T069","Prunus avium","7/16/2012","Sweet_cherry_CRS_phenotyping_2012"
"91","FR1T069","Prunus avium","7/21/2011","Sweet_cherry_CRS_phenotyping_2011"
"92","FR2T058","Prunus avium","7/10/2011","Sweet_cherry_CRS_phenotyping_2011"
"93","FR2T058","Prunus avium","7/10/2012","Sweet_cherry_CRS_phenotyping_2012"
"94","FR2T058","Prunus avium","7/14/2010","Sweet_cherry_CRS_phenotyping_2010"
"95","FR14T100","Prunus avium","7/1/2012","Sweet_cherry_CRS_phenotyping_2012"
"96","FR14T100","Prunus avium","7/9/2011","Sweet_cherry_CRS_phenotyping_2011"
"97","FR20T045","Prunus avium","7/3/2012","Sweet_cherry_CRS_phenotyping_2012"
"98","FR21T040","Prunus avium","6/30/2011","Sweet_cherry_CRS_phenotyping_2011"
"99","FR21T040","Prunus avium","7/2/2012","Sweet_cherry_CRS_phenotyping_2012"
"100","FR31T016","Prunus avium","7/13/2012","Sweet_cherry_CRS_phenotyping_2012"
"101","FR23T097","Prunus avium","7/3/2012","Sweet_cherry_CRS_phenotyping_2012"
"102","FR27T018","Prunus avium","6/30/2011","Sweet_cherry_CRS_phenotyping_2011"
"103","FR27T018","Prunus avium","7/1/2012","Sweet_cherry_CRS_phenotyping_2012"
"104","FR28T001","Prunus avium","6/27/2012","Sweet_cherry_CRS_phenotyping_2012"
"105","FR28T100","Prunus avium","7/1/2012","Sweet_cherry_CRS_phenotyping_2012"
"106","FR28T100","Prunus avium","7/2/2011","Sweet_cherry_CRS_phenotyping_2011"
"107","FR28T101","Prunus avium","7/1/2012","Sweet_cherry_CRS_phenotyping_2012"
"108","FR28T101","Prunus avium","7/2/2011","Sweet_cherry_CRS_phenotyping_2011"
"109","FR28T102","Prunus avium","6/28/2012","Sweet_cherry_CRS_phenotyping_2012"
"110","FR28T104","Prunus avium","6/28/2012","Sweet_cherry_CRS_phenotyping_2012"
"111","FR28T104","Prunus avium","6/30/2011","Sweet_cherry_CRS_phenotyping_2011"
"112","FR28T105","Prunus avium","6/27/2012","Sweet_cherry_CRS_phenotyping_2012"
"113","FR28T105","Prunus avium","6/30/2011","Sweet_cherry_CRS_phenotyping_2011"
"114","FR28T106","Prunus avium","6/29/2011","Sweet_cherry_CRS_phenotyping_2011"
"115","FR28T106","Prunus avium","7/1/2012","Sweet_cherry_CRS_phenotyping_2012"
"116","FR28T108","Prunus avium","6/27/2012","Sweet_cherry_CRS_phenotyping_2012"
"117","FR28T108","Prunus avium","6/30/2011","Sweet_cherry_CRS_phenotyping_2011"
"118","FR29T074","Prunus avium","7/3/2012","Sweet_cherry_CRS_phenotyping_2012"
"119","FR29T075","Prunus avium","6/30/2011","Sweet_cherry_CRS_phenotyping_2011"
"120","FR29T075","Prunus avium","7/3/2012","Sweet_cherry_CRS_phenotyping_2012"
"121","FR29T076","Prunus avium","6/24/2012","Sweet_cherry_CRS_phenotyping_2012"
"122","FR29T076","Prunus avium","6/30/2011","Sweet_cherry_CRS_phenotyping_2011"
"123","FR29T077","Prunus avium","6/27/2012","Sweet_cherry_CRS_phenotyping_2012"
"124","FR29T077","Prunus avium","6/30/2011","Sweet_cherry_CRS_phenotyping_2011"
"125","FR10T098","Prunus avium","6/30/2012","Sweet_cherry_CRS_phenotyping_2012"
"126","FR10T099","Prunus avium","7/1/2011","Sweet_cherry_CRS_phenotyping_2011"
"127","FR10T099","Prunus avium","7/2/2012","Sweet_cherry_CRS_phenotyping_2012"
"128","FR10T101","Prunus avium","7/1/2011","Sweet_cherry_CRS_phenotyping_2011"
"129","FR11T015","Prunus avium","7/11/2011","Sweet_cherry_CRS_phenotyping_2011"
"130","FR11T015","Prunus avium","7/11/2012","Sweet_cherry_CRS_phenotyping_2012"
"131","FR11T015","Prunus avium","7/13/2010","Sweet_cherry_CRS_phenotyping_2010"
"132","FR11T016","Prunus avium","7/11/2012","Sweet_cherry_CRS_phenotyping_2012"
"133","FR11T016","Prunus avium","7/8/2011","Sweet_cherry_CRS_phenotyping_2011"
"134","FR11T017","Prunus avium","7/11/2010","Sweet_cherry_CRS_phenotyping_2010"
"135","FR11T017","Prunus avium","7/11/2011","Sweet_cherry_CRS_phenotyping_2011"
"136","FR11T017","Prunus avium","7/2/2012","Sweet_cherry_CRS_phenotyping_2012"
"137","FR11T018","Prunus avium","7/11/2012","Sweet_cherry_CRS_phenotyping_2012"
"138","FR11T018","Prunus avium","7/7/2010","Sweet_cherry_CRS_phenotyping_2010"
"139","FR11T019","Prunus avium","7/2/2012","Sweet_cherry_CRS_phenotyping_2012"
"140","FR11T019","Prunus avium","7/8/2011","Sweet_cherry_CRS_phenotyping_2011"
"141","FR11T025","Prunus avium","7/10/2010","Sweet_cherry_CRS_phenotyping_2010"
"142","FR11T025","Prunus avium","7/6/2012","Sweet_cherry_CRS_phenotyping_2012"
"143","FR11T025","Prunus avium","7/8/2011","Sweet_cherry_CRS_phenotyping_2011"
"144","FR11T026","Prunus avium","7/3/2012","Sweet_cherry_CRS_phenotyping_2012"
"145","FR11T027","Prunus avium","7/11/2010","Sweet_cherry_CRS_phenotyping_2010"
"146","FR11T027","Prunus avium","7/11/2012","Sweet_cherry_CRS_phenotyping_2012"
"147","FR11T027","Prunus avium","7/12/2011","Sweet_cherry_CRS_phenotyping_2011"
"148","FR11T028","Prunus avium","7/2/2012","Sweet_cherry_CRS_phenotyping_2012"
"149","FR11T028","Prunus avium","7/8/2010","Sweet_cherry_CRS_phenotyping_2010"
"150","FR11T028","Prunus avium","7/8/2011","Sweet_cherry_CRS_phenotyping_2011"
"151","FR11T029","Prunus avium","7/10/2010","Sweet_cherry_CRS_phenotyping_2010"
"152","FR11T029","Prunus avium","7/12/2011","Sweet_cherry_CRS_phenotyping_2011"
"153","FR11T030","Prunus avium","7/11/2010","Sweet_cherry_CRS_phenotyping_2010"
"154","FR11T030","Prunus avium","7/3/2012","Sweet_cherry_CRS_phenotyping_2012"
"155","FR11T031","Prunus avium","7/12/2010","Sweet_cherry_CRS_phenotyping_2010"
"156","FR11T031","Prunus avium","7/12/2011","Sweet_cherry_CRS_phenotyping_2011"
"157","FR11T031","Prunus avium","7/16/2012","Sweet_cherry_CRS_phenotyping_2012"
"158","FR11T032","Prunus avium","7/12/2010","Sweet_cherry_CRS_phenotyping_2010"
"159","FR11T032","Prunus avium","7/12/2011","Sweet_cherry_CRS_phenotyping_2011"
"160","FR12T001","Prunus avium","7/1/2012","Sweet_cherry_CRS_phenotyping_2012"
"161","FR12T001","Prunus avium","7/2/2011","Sweet_cherry_CRS_phenotyping_2011"
"162","FR12T003","Prunus avium","6/27/2012","Sweet_cherry_CRS_phenotyping_2012"
"163","FR12T004","Prunus avium","6/28/2011","Sweet_cherry_CRS_phenotyping_2011"
"164","FR12T004","Prunus avium","7/2/2012","Sweet_cherry_CRS_phenotyping_2012"
"165","FR12T006","Prunus avium","6/20/2012","Sweet_cherry_CRS_phenotyping_2012"
"166","FR12T006","Prunus avium","6/28/2011","Sweet_cherry_CRS_phenotyping_2011"
"167","FR12T009","Prunus avium","6/27/2012","Sweet_cherry_CRS_phenotyping_2012"
"168","FR12T009","Prunus avium","6/28/2011","Sweet_cherry_CRS_phenotyping_2011"
"169","FR12T011","Prunus avium","6/26/2012","Sweet_cherry_CRS_phenotyping_2012"
"170","FR12T011","Prunus avium","6/29/2010","Sweet_cherry_CRS_phenotyping_2010"
"171","FR12T012","Prunus avium","6/20/2012","Sweet_cherry_CRS_phenotyping_2012"
"172","FR12T012","Prunus avium","6/28/2011","Sweet_cherry_CRS_phenotyping_2011"
"173","FR12T056","Prunus avium","6/26/2011","Sweet_cherry_CRS_phenotyping_2011"
"174","FR12T056","Prunus avium","6/27/2012","Sweet_cherry_CRS_phenotyping_2012"
"175","FR12T057","Prunus avium","6/27/2012","Sweet_cherry_CRS_phenotyping_2012"
"176","FR12T058","Prunus avium","7/1/2011","Sweet_cherry_CRS_phenotyping_2011"
"177","FR12T058","Prunus avium","7/1/2012","Sweet_cherry_CRS_phenotyping_2012"
"178","FR12T063","Prunus avium","6/27/2012","Sweet_cherry_CRS_phenotyping_2012"
"179","FR12T063","Prunus avium","6/28/2011","Sweet_cherry_CRS_phenotyping_2011"
"180","FR12T066","Prunus avium","6/27/2012","Sweet_cherry_CRS_phenotyping_2012"
"181","FR12T066","Prunus avium","6/28/2011","Sweet_cherry_CRS_phenotyping_2011"
"182","FR12T068","Prunus avium","7/1/2012","Sweet_cherry_CRS_phenotyping_2012"
"183","FR12T069","Prunus avium","6/27/2012","Sweet_cherry_CRS_phenotyping_2012"
"184","FR12T071","Prunus avium","6/28/2011","Sweet_cherry_CRS_phenotyping_2011"
"185","FR12T071","Prunus avium","7/1/2012","Sweet_cherry_CRS_phenotyping_2012"
"186","FR12T072","Prunus avium","7/1/2011","Sweet_cherry_CRS_phenotyping_2011"
"187","FR12T072","Prunus avium","7/2/2012","Sweet_cherry_CRS_phenotyping_2012"
"188","FR12T073","Prunus avium","6/27/2012","Sweet_cherry_CRS_phenotyping_2012"
"189","FR12T073","Prunus avium","6/28/2011","Sweet_cherry_CRS_phenotyping_2011"
"190","FR12T076","Prunus avium","6/28/2011","Sweet_cherry_CRS_phenotyping_2011"
"191","FR12T076","Prunus avium","7/1/2012","Sweet_cherry_CRS_phenotyping_2012"
"192","FR12T077","Prunus avium","7/10/2010","Sweet_cherry_CRS_phenotyping_2010"
"193","FR12T077","Prunus avium","7/3/2012","Sweet_cherry_CRS_phenotyping_2012"
"194","FR12T080","Prunus avium","7/11/2011","Sweet_cherry_CRS_phenotyping_2011"
"195","FR12T080","Prunus avium","7/3/2012","Sweet_cherry_CRS_phenotyping_2012"
"196","FR12T091","Prunus avium","6/20/2012","Sweet_cherry_CRS_phenotyping_2012"
"197","FR12T091","Prunus avium","6/28/2011","Sweet_cherry_CRS_phenotyping_2011"
"198","FR12T093","Prunus avium","6/20/2012","Sweet_cherry_CRS_phenotyping_2012"
"199","FR12T093","Prunus avium","6/28/2011","Sweet_cherry_CRS_phenotyping_2011"
"200","FR12T094","Prunus avium","7/3/2012","Sweet_cherry_CRS_phenotyping_2012"
"201","FR13T058","Prunus avium","6/21/2012","Sweet_cherry_CRS_phenotyping_2012"
"202","FR13T058","Prunus avium","6/28/2011","Sweet_cherry_CRS_phenotyping_2011"
"203","FR13T061","Prunus avium","7/2/2011","Sweet_cherry_CRS_phenotyping_2011"
"204","FR13T061","Prunus avium","7/3/2012","Sweet_cherry_CRS_phenotyping_2012"
"205","FR14T056","Prunus avium","7/1/2012","Sweet_cherry_CRS_phenotyping_2012"
"206","FR14T056","Prunus avium","7/8/2011","Sweet_cherry_CRS_phenotyping_2011"
"207","FR14T060","Prunus avium","7/11/2012","Sweet_cherry_CRS_phenotyping_2012"
"208","FR14T060","Prunus avium","7/12/2011","Sweet_cherry_CRS_phenotyping_2011"
"209","FR14T075","Prunus avium","7/11/2012","Sweet_cherry_CRS_phenotyping_2012"
"210","FR14T075","Prunus avium","7/12/2011","Sweet_cherry_CRS_phenotyping_2011"
"211","FR14T076","Prunus avium","7/11/2012","Sweet_cherry_CRS_phenotyping_2012"
"212","FR14T076","Prunus avium","7/9/2011","Sweet_cherry_CRS_phenotyping_2011"
"213","FR14T078","Prunus avium","7/1/2012","Sweet_cherry_CRS_phenotyping_2012"
"214","FR14T078","Prunus avium","7/9/2011","Sweet_cherry_CRS_phenotyping_2011"
"215","FR14T079","Prunus avium","7/1/2012","Sweet_cherry_CRS_phenotyping_2012"
"216","FR14T079","Prunus avium","7/9/2011","Sweet_cherry_CRS_phenotyping_2011"
"217","FR14T082","Prunus avium","7/1/2012","Sweet_cherry_CRS_phenotyping_2012"
"218","FR14T082","Prunus avium","7/8/2011","Sweet_cherry_CRS_phenotyping_2011"
"219","FR14T084","Prunus avium","7/1/2012","Sweet_cherry_CRS_phenotyping_2012"
"220","FR14T084","Prunus avium","7/7/2011","Sweet_cherry_CRS_phenotyping_2011"
"221","FR14T086","Prunus avium","7/11/2012","Sweet_cherry_CRS_phenotyping_2012"
"222","FR14T086","Prunus avium","7/13/2011","Sweet_cherry_CRS_phenotyping_2011"
"223","FR16T001","Prunus avium","7/10/2012","Sweet_cherry_CRS_phenotyping_2012"
"224","FR16T040","Prunus avium","6/21/2012","Sweet_cherry_CRS_phenotyping_2012"
"225","FR16T041","Prunus avium","7/2/2012","Sweet_cherry_CRS_phenotyping_2012"
"226","FR17T006","Prunus avium","7/2/2011","Sweet_cherry_CRS_phenotyping_2011"
"227","FR17T006","Prunus avium","7/2/2012","Sweet_cherry_CRS_phenotyping_2012"
"228","FR17T051","Prunus avium","7/2/2011","Sweet_cherry_CRS_phenotyping_2011"
"229","FR17T062","Prunus avium","7/2/2012","Sweet_cherry_CRS_phenotyping_2012"
"230","FR18T017","Prunus avium","6/21/2012","Sweet_cherry_CRS_phenotyping_2012"
"231","FR18T017","Prunus avium","6/29/2011","Sweet_cherry_CRS_phenotyping_2011"
"232","FR18T018","Prunus avium","7/2/2012","Sweet_cherry_CRS_phenotyping_2012"
"233","FR18T018","Prunus avium","7/9/2011","Sweet_cherry_CRS_phenotyping_2011"
"234","FR18T019","Prunus avium","7/2/2012","Sweet_cherry_CRS_phenotyping_2012"
"235","FR18T019","Prunus avium","7/8/2011","Sweet_cherry_CRS_phenotyping_2011"
"236","FR18T020","Prunus avium","7/3/2012","Sweet_cherry_CRS_phenotyping_2012"
"237","FR18T041","Prunus avium","7/9/2011","Sweet_cherry_CRS_phenotyping_2011"
"238","FR18T042","Prunus avium","7/11/2012","Sweet_cherry_CRS_phenotyping_2012"
"239","FR18T044","Prunus avium","6/30/2011","Sweet_cherry_CRS_phenotyping_2011"
"240","FR18T044","Prunus avium","7/2/2012","Sweet_cherry_CRS_phenotyping_2012"
"241","FR18T045","Prunus avium","7/11/2012","Sweet_cherry_CRS_phenotyping_2012"
"242","FR18T048","Prunus avium","6/29/2011","Sweet_cherry_CRS_phenotyping_2011"
"243","FR18T048","Prunus avium","7/2/2012","Sweet_cherry_CRS_phenotyping_2012"
"244","FR18T052","Prunus avium","7/2/2012","Sweet_cherry_CRS_phenotyping_2012"
"245","FR18T071","Prunus avium","6/21/2012","Sweet_cherry_CRS_phenotyping_2012"
"246","FR18T071","Prunus avium","6/26/2011","Sweet_cherry_CRS_phenotyping_2011"
"247","FR1T027","Prunus avium","7/11/2012","Sweet_cherry_CRS_phenotyping_2012"
"248","FR1T027","Prunus avium","7/18/2011","Sweet_cherry_CRS_phenotyping_2011"
"249","FR1T028","Prunus avium","7/16/2012","Sweet_cherry_CRS_phenotyping_2012"
"250","FR1T028","Prunus avium","7/22/2011","Sweet_cherry_CRS_phenotyping_2011"
"251","FR1T029","Prunus avium","7/13/2010","Sweet_cherry_CRS_phenotyping_2010"
"252","FR1T029","Prunus avium","7/14/2011","Sweet_cherry_CRS_phenotyping_2011"
"253","FR1T029","Prunus avium","7/16/2012","Sweet_cherry_CRS_phenotyping_2012"
"254","FR1T030","Prunus avium","7/14/2010","Sweet_cherry_CRS_phenotyping_2010"
"255","FR1T030","Prunus avium","7/16/2012","Sweet_cherry_CRS_phenotyping_2012"
"256","FR1T030","Prunus avium","7/20/2011","Sweet_cherry_CRS_phenotyping_2011"
"257","FR1T031","Prunus avium","7/11/2012","Sweet_cherry_CRS_phenotyping_2012"
"258","FR1T031","Prunus avium","7/12/2010","Sweet_cherry_CRS_phenotyping_2010"
"259","FR1T031","Prunus avium","7/14/2011","Sweet_cherry_CRS_phenotyping_2011"
"260","FR1T032","Prunus avium","7/11/2012","Sweet_cherry_CRS_phenotyping_2012"
"261","FR1T032","Prunus avium","7/14/2010","Sweet_cherry_CRS_phenotyping_2010"
"262","FR1T032","Prunus avium","7/14/2011","Sweet_cherry_CRS_phenotyping_2011"
"263","FR1T033","Prunus avium","7/14/2010","Sweet_cherry_CRS_phenotyping_2010"
"264","FR1T033","Prunus avium","7/16/2012","Sweet_cherry_CRS_phenotyping_2012"
"265","FR1T033","Prunus avium","7/20/2011","Sweet_cherry_CRS_phenotyping_2011"
"266","FR1T037","Prunus avium","7/11/2012","Sweet_cherry_CRS_phenotyping_2012"
"267","FR1T037","Prunus avium","7/18/2011","Sweet_cherry_CRS_phenotyping_2011"
"268","FR1T037","Prunus avium","7/19/2010","Sweet_cherry_CRS_phenotyping_2010"
"269","FR1T038","Prunus avium","7/16/2012","Sweet_cherry_CRS_phenotyping_2012"
"270","FR1T038","Prunus avium","7/19/2010","Sweet_cherry_CRS_phenotyping_2010"
"271","FR1T038","Prunus avium","7/21/2011","Sweet_cherry_CRS_phenotyping_2011"
"272","FR1T039","Prunus avium","7/18/2012","Sweet_cherry_CRS_phenotyping_2012"
"273","FR1T039","Prunus avium","7/20/2010","Sweet_cherry_CRS_phenotyping_2010"
"274","FR1T039","Prunus avium","7/20/2011","Sweet_cherry_CRS_phenotyping_2011"
"275","FR1T040","Prunus avium","7/18/2012","Sweet_cherry_CRS_phenotyping_2012"
"276","FR1T040","Prunus avium","7/20/2010","Sweet_cherry_CRS_phenotyping_2010"
"277","FR1T040","Prunus avium","7/20/2011","Sweet_cherry_CRS_phenotyping_2011"
"278","FR1T041","Prunus avium","7/18/2012","Sweet_cherry_CRS_phenotyping_2012"
"279","FR1T041","Prunus avium","7/20/2010","Sweet_cherry_CRS_phenotyping_2010"
"280","FR1T041","Prunus avium","7/20/2011","Sweet_cherry_CRS_phenotyping_2011"
"281","FR1T042","Prunus avium","7/16/2012","Sweet_cherry_CRS_phenotyping_2012"
"282","FR1T042","Prunus avium","7/20/2010","Sweet_cherry_CRS_phenotyping_2010"
"283","FR1T042","Prunus avium","7/21/2011","Sweet_cherry_CRS_phenotyping_2011"
"284","FR1T054","Prunus avium","7/18/2010","Sweet_cherry_CRS_phenotyping_2010"
"285","FR1T054","Prunus avium","7/18/2012","Sweet_cherry_CRS_phenotyping_2012"
"286","FR1T054","Prunus avium","7/21/2011","Sweet_cherry_CRS_phenotyping_2011"
"287","FR1T056","Prunus avium","7/11/2010","Sweet_cherry_CRS_phenotyping_2010"
"288","FR1T056","Prunus avium","7/11/2012","Sweet_cherry_CRS_phenotyping_2012"
"289","FR1T056","Prunus avium","7/14/2011","Sweet_cherry_CRS_phenotyping_2011"
"290","FR1T065","Prunus avium","7/11/2010","Sweet_cherry_CRS_phenotyping_2010"
"291","FR1T065","Prunus avium","7/11/2012","Sweet_cherry_CRS_phenotyping_2012"
"292","FR1T065","Prunus avium","7/18/2011","Sweet_cherry_CRS_phenotyping_2011"
"293","FR1T073","Prunus avium","7/18/2010","Sweet_cherry_CRS_phenotyping_2010"
"294","FR1T073","Prunus avium","7/21/2011","Sweet_cherry_CRS_phenotyping_2011"
"295","FR21T037","Prunus avium","6/30/2012","Sweet_cherry_CRS_phenotyping_2012"
"296","FR21T063","Prunus avium","7/3/2012","Sweet_cherry_CRS_phenotyping_2012"
"297","FR22T001","Prunus avium","7/3/2012","Sweet_cherry_CRS_phenotyping_2012"
"298","FR22T002","Prunus avium","7/9/2011","Sweet_cherry_CRS_phenotyping_2011"
"299","FR22T002","Prunus avium","7/9/2012","Sweet_cherry_CRS_phenotyping_2012"
"300","FR22T003","Prunus avium","7/3/2012","Sweet_cherry_CRS_phenotyping_2012"
"301","FR22T006","Prunus avium","7/3/2012","Sweet_cherry_CRS_phenotyping_2012"
"302","FR22T007","Prunus avium","7/3/2012","Sweet_cherry_CRS_phenotyping_2012"
"303","FR23T065","Prunus avium","7/3/2012","Sweet_cherry_CRS_phenotyping_2012"
"304","FR23T067","Prunus avium","6/22/2012","Sweet_cherry_CRS_phenotyping_2012"
"305","FR23T068","Prunus avium","6/22/2012","Sweet_cherry_CRS_phenotyping_2012"
"306","FR23T069","Prunus avium","6/22/2012","Sweet_cherry_CRS_phenotyping_2012"
"307","FR23T072","Prunus avium","6/22/2012","Sweet_cherry_CRS_phenotyping_2012"
"308","FR23T089","Prunus avium","6/22/2012","Sweet_cherry_CRS_phenotyping_2012"
"309","FR23T090","Prunus avium","6/22/2012","Sweet_cherry_CRS_phenotyping_2012"
"310","FR23T090","Prunus avium","6/29/2011","Sweet_cherry_CRS_phenotyping_2011"
"311","FR23T091","Prunus avium","6/22/2012","Sweet_cherry_CRS_phenotyping_2012"
"312","FR23T095","Prunus avium","7/3/2012","Sweet_cherry_CRS_phenotyping_2012"
"313","FR23T113","Prunus avium","6/22/2012","Sweet_cherry_CRS_phenotyping_2012"
"314","FR23T116","Prunus avium","6/22/2012","Sweet_cherry_CRS_phenotyping_2012"
"315","FR23T119","Prunus avium","6/25/2011","Sweet_cherry_CRS_phenotyping_2011"
"316","FR23T120","Prunus avium","6/22/2012","Sweet_cherry_CRS_phenotyping_2012"
"317","FR23T120","Prunus avium","6/24/2011","Sweet_cherry_CRS_phenotyping_2011"
"318","FR23T127","Prunus avium","6/22/2012","Sweet_cherry_CRS_phenotyping_2012"
"319","FR23T128","Prunus avium","7/3/2012","Sweet_cherry_CRS_phenotyping_2012"
"320","FR23T129","Prunus avium","7/9/2011","Sweet_cherry_CRS_phenotyping_2011"
"321","FR23T129","Prunus avium","7/9/2012","Sweet_cherry_CRS_phenotyping_2012"
"322","FR23T130","Prunus avium","6/29/2011","Sweet_cherry_CRS_phenotyping_2011"
"323","FR23T130","Prunus avium","7/3/2012","Sweet_cherry_CRS_phenotyping_2012"
"324","FR23T131","Prunus avium","6/22/2012","Sweet_cherry_CRS_phenotyping_2012"
"325","FR23T131","Prunus avium","6/29/2011","Sweet_cherry_CRS_phenotyping_2011"
"326","FR24T069","Prunus avium","6/28/2012","Sweet_cherry_CRS_phenotyping_2012"
"327","FR24T072","Prunus avium","6/28/2012","Sweet_cherry_CRS_phenotyping_2012"
"328","FR24T077","Prunus avium","6/29/2011","Sweet_cherry_CRS_phenotyping_2011"
"329","FR25T081","Prunus avium","6/29/2011","Sweet_cherry_CRS_phenotyping_2011"
"330","FR25T081","Prunus avium","7/1/2012","Sweet_cherry_CRS_phenotyping_2012"
"331","FR25T084","Prunus avium","6/28/2012","Sweet_cherry_CRS_phenotyping_2012"
"332","FR25T086","Prunus avium","7/9/2012","Sweet_cherry_CRS_phenotyping_2012"
"333","FR25T090","Prunus avium","6/29/2011","Sweet_cherry_CRS_phenotyping_2011"
"334","FR25T090","Prunus avium","6/30/2012","Sweet_cherry_CRS_phenotyping_2012"
"335","FR26T030","Prunus avium","6/28/2012","Sweet_cherry_CRS_phenotyping_2012"
"336","FR26T031","Prunus avium","6/29/2012","Sweet_cherry_CRS_phenotyping_2012"
"337","FR26T033","Prunus avium","6/26/2012","Sweet_cherry_CRS_phenotyping_2012"
"338","FR26T033","Prunus avium","7/1/2011","Sweet_cherry_CRS_phenotyping_2011"
"339","FR26T034","Prunus avium","6/26/2012","Sweet_cherry_CRS_phenotyping_2012"
"340","FR26T034","Prunus avium","7/2/2011","Sweet_cherry_CRS_phenotyping_2011"
"341","FR26T036","Prunus avium","6/27/2012","Sweet_cherry_CRS_phenotyping_2012"
"342","FR26T036","Prunus avium","6/29/2011","Sweet_cherry_CRS_phenotyping_2011"
"343","FR26T037","Prunus avium","6/25/2012","Sweet_cherry_CRS_phenotyping_2012"
"344","FR26T037","Prunus avium","6/29/2011","Sweet_cherry_CRS_phenotyping_2011"
"345","FR26T038","Prunus avium","6/26/2012","Sweet_cherry_CRS_phenotyping_2012"
"346","FR26T038","Prunus avium","6/29/2011","Sweet_cherry_CRS_phenotyping_2011"
"347","FR26T040","Prunus avium","6/28/2012","Sweet_cherry_CRS_phenotyping_2012"
"348","FR27T001","Prunus avium","7/1/2012","Sweet_cherry_CRS_phenotyping_2012"
"349","FR27T001","Prunus avium","7/2/2011","Sweet_cherry_CRS_phenotyping_2011"
"350","FR27T006","Prunus avium","7/4/2012","Sweet_cherry_CRS_phenotyping_2012"
"351","FR27T007","Prunus avium","7/6/2012","Sweet_cherry_CRS_phenotyping_2012"
"352","FR27T008","Prunus avium","7/3/2012","Sweet_cherry_CRS_phenotyping_2012"
"353","FR27T009","Prunus avium","6/30/2011","Sweet_cherry_CRS_phenotyping_2011"
"354","FR27T010","Prunus avium","7/5/2012","Sweet_cherry_CRS_phenotyping_2012"
"355","FR27T012","Prunus avium","7/3/2012","Sweet_cherry_CRS_phenotyping_2012"
"356","FR27T012","Prunus avium","7/6/2011","Sweet_cherry_CRS_phenotyping_2011"
"357","FR27T013","Prunus avium","7/3/2012","Sweet_cherry_CRS_phenotyping_2012"
"358","FR27T013","Prunus avium","7/6/2011","Sweet_cherry_CRS_phenotyping_2011"
"359","FR27T014","Prunus avium","7/3/2012","Sweet_cherry_CRS_phenotyping_2012"
"360","FR27T014","Prunus avium","7/7/2011","Sweet_cherry_CRS_phenotyping_2011"
"361","FR27T015","Prunus avium","6/28/2012","Sweet_cherry_CRS_phenotyping_2012"
"362","FR27T015","Prunus avium","7/1/2011","Sweet_cherry_CRS_phenotyping_2011"
"363","FR27T017","Prunus avium","7/1/2012","Sweet_cherry_CRS_phenotyping_2012"
"364","FR27T050","Prunus avium","7/2/2012","Sweet_cherry_CRS_phenotyping_2012"
"365","FR27T051","Prunus avium","6/30/2012","Sweet_cherry_CRS_phenotyping_2012"
"366","FR27T052","Prunus avium","6/28/2012","Sweet_cherry_CRS_phenotyping_2012"
"367","FR27T052","Prunus avium","6/30/2011","Sweet_cherry_CRS_phenotyping_2011"
"368","FR27T054","Prunus avium","6/28/2012","Sweet_cherry_CRS_phenotyping_2012"
"369","FR27T054","Prunus avium","7/1/2011","Sweet_cherry_CRS_phenotyping_2011"
"370","FR27T094","Prunus avium","6/22/2012","Sweet_cherry_CRS_phenotyping_2012"
"371","FR27T094","Prunus avium","6/30/2011","Sweet_cherry_CRS_phenotyping_2011"
"372","FR27T096","Prunus avium","6/22/2012","Sweet_cherry_CRS_phenotyping_2012"
"373","FR27T096","Prunus avium","6/30/2011","Sweet_cherry_CRS_phenotyping_2011"
"374","FR27T097","Prunus avium","6/22/2012","Sweet_cherry_CRS_phenotyping_2012"
"375","FR27T097","Prunus avium","6/30/2011","Sweet_cherry_CRS_phenotyping_2011"
"376","FR27T099","Prunus avium","6/22/2012","Sweet_cherry_CRS_phenotyping_2012"
"377","FR27T099","Prunus avium","6/30/2011","Sweet_cherry_CRS_phenotyping_2011"
"378","FR27T102","Prunus avium","6/27/2012","Sweet_cherry_CRS_phenotyping_2012"
"379","FR28T099","Prunus avium","6/28/2012","Sweet_cherry_CRS_phenotyping_2012"
"380","FR29T073","Prunus avium","6/23/2011","Sweet_cherry_CRS_phenotyping_2011"
"381","FR29T073","Prunus avium","6/27/2012","Sweet_cherry_CRS_phenotyping_2012"
"382","FR29T117","Prunus avium","7/3/2012","Sweet_cherry_CRS_phenotyping_2012"
"383","FR29T118","Prunus avium","7/3/2012","Sweet_cherry_CRS_phenotyping_2012"
"384","FR29T119","Prunus avium","6/27/2012","Sweet_cherry_CRS_phenotyping_2012"
"385","FR29T120","Prunus avium","6/23/2011","Sweet_cherry_CRS_phenotyping_2011"
"386","FR29T120","Prunus avium","6/27/2012","Sweet_cherry_CRS_phenotyping_2012"
"387","FR29T124","Prunus avium","6/30/2011","Sweet_cherry_CRS_phenotyping_2011"
"388","FR29T124","Prunus avium","7/3/2012","Sweet_cherry_CRS_phenotyping_2012"
"389","FR29T126","Prunus avium","6/27/2012","Sweet_cherry_CRS_phenotyping_2012"
"390","FR2T035","Prunus avium","7/13/2010","Sweet_cherry_CRS_phenotyping_2010"
"391","FR2T035","Prunus avium","7/16/2012","Sweet_cherry_CRS_phenotyping_2012"
"392","FR2T035","Prunus avium","7/18/2011","Sweet_cherry_CRS_phenotyping_2011"
"393","FR2T037","Prunus avium","7/16/2011","Sweet_cherry_CRS_phenotyping_2011"
"394","FR2T037","Prunus avium","7/18/2012","Sweet_cherry_CRS_phenotyping_2012"
"395","FR2T037","Prunus avium","7/20/2010","Sweet_cherry_CRS_phenotyping_2010"
"396","FR2T038","Prunus avium","7/14/2010","Sweet_cherry_CRS_phenotyping_2010"
"397","FR2T038","Prunus avium","7/16/2011","Sweet_cherry_CRS_phenotyping_2011"
"398","FR2T040","Prunus avium","7/18/2010","Sweet_cherry_CRS_phenotyping_2010"
"399","FR2T040","Prunus avium","7/18/2012","Sweet_cherry_CRS_phenotyping_2012"
"400","FR2T040","Prunus avium","7/21/2011","Sweet_cherry_CRS_phenotyping_2011"
"401","FR2T045","Prunus avium","7/11/2010","Sweet_cherry_CRS_phenotyping_2010"
"402","FR2T045","Prunus avium","7/12/2011","Sweet_cherry_CRS_phenotyping_2011"
"403","FR2T046","Prunus avium","7/10/2012","Sweet_cherry_CRS_phenotyping_2012"
"404","FR2T046","Prunus avium","7/14/2010","Sweet_cherry_CRS_phenotyping_2010"
"405","FR2T046","Prunus avium","7/14/2011","Sweet_cherry_CRS_phenotyping_2011"
"406","FR2T048","Prunus avium","7/10/2012","Sweet_cherry_CRS_phenotyping_2012"
"407","FR2T048","Prunus avium","7/9/2011","Sweet_cherry_CRS_phenotyping_2011"
"408","FR2T049","Prunus avium","7/10/2012","Sweet_cherry_CRS_phenotyping_2012"
"409","FR2T049","Prunus avium","7/11/2010","Sweet_cherry_CRS_phenotyping_2010"
"410","FR2T049","Prunus avium","7/9/2011","Sweet_cherry_CRS_phenotyping_2011"
"411","FR2T050","Prunus avium","7/10/2011","Sweet_cherry_CRS_phenotyping_2011"
"412","FR2T050","Prunus avium","7/10/2012","Sweet_cherry_CRS_phenotyping_2012"
"413","FR2T050","Prunus avium","7/14/2010","Sweet_cherry_CRS_phenotyping_2010"
"414","FR2T054","Prunus avium","7/10/2012","Sweet_cherry_CRS_phenotyping_2012"
"415","FR2T054","Prunus avium","7/11/2010","Sweet_cherry_CRS_phenotyping_2010"
"416","FR2T054","Prunus avium","7/11/2011","Sweet_cherry_CRS_phenotyping_2011"
"417","FR2T057","Prunus avium","7/10/2012","Sweet_cherry_CRS_phenotyping_2012"
"418","FR2T057","Prunus avium","7/14/2010","Sweet_cherry_CRS_phenotyping_2010"
"419","FR2T057","Prunus avium","7/15/2011","Sweet_cherry_CRS_phenotyping_2011"
"420","FR2T079","Prunus avium","7/11/2012","Sweet_cherry_CRS_phenotyping_2012"
"421","FR2T079","Prunus avium","7/14/2010","Sweet_cherry_CRS_phenotyping_2010"
"422","FR2T080","Prunus avium","7/11/2010","Sweet_cherry_CRS_phenotyping_2010"
"423","FR2T080","Prunus avium","7/12/2011","Sweet_cherry_CRS_phenotyping_2011"
"424","FR2T080","Prunus avium","7/5/2012","Sweet_cherry_CRS_phenotyping_2012"
"425","FR30T100","Prunus avium","7/3/2012","Sweet_cherry_CRS_phenotyping_2012"
"426","FR30T101","Prunus avium","7/3/2012","Sweet_cherry_CRS_phenotyping_2012"
"427","FR30T102","Prunus avium","6/30/2011","Sweet_cherry_CRS_phenotyping_2011"
"428","FR30T102","Prunus avium","7/3/2012","Sweet_cherry_CRS_phenotyping_2012"
"429","FR30T103","Prunus avium","7/3/2012","Sweet_cherry_CRS_phenotyping_2012"
"430","FR30T105","Prunus avium","7/3/2012","Sweet_cherry_CRS_phenotyping_2012"
"431","FR30T107","Prunus avium","7/3/2012","Sweet_cherry_CRS_phenotyping_2012"
"432","FR30T108","Prunus avium","7/11/2011","Sweet_cherry_CRS_phenotyping_2011"
"433","FR30T108","Prunus avium","7/9/2012","Sweet_cherry_CRS_phenotyping_2012"
"434","FR30T109","Prunus avium","7/2/2011","Sweet_cherry_CRS_phenotyping_2011"
"435","FR30T109","Prunus avium","7/3/2012","Sweet_cherry_CRS_phenotyping_2012"
"436","FR31T007","Prunus avium","7/13/2012","Sweet_cherry_CRS_phenotyping_2012"
"437","FR31T007","Prunus avium","7/19/2011","Sweet_cherry_CRS_phenotyping_2011"
"438","FR31T008","Prunus avium","7/9/2012","Sweet_cherry_CRS_phenotyping_2012"
"439","FR31T009","Prunus avium","7/9/2012","Sweet_cherry_CRS_phenotyping_2012"
"440","FR31T010","Prunus avium","6/27/2012","Sweet_cherry_CRS_phenotyping_2012"
"441","FR31T010","Prunus avium","7/6/2011","Sweet_cherry_CRS_phenotyping_2011"
"442","FR31T011","Prunus avium","7/9/2012","Sweet_cherry_CRS_phenotyping_2012"
"443","FR31T013","Prunus avium","7/9/2012","Sweet_cherry_CRS_phenotyping_2012"
"444","FR31T014","Prunus avium","7/9/2012","Sweet_cherry_CRS_phenotyping_2012"
"445","FR33T001","Prunus avium","6/26/2012","Sweet_cherry_CRS_phenotyping_2012"
"446","FR33T004","Prunus avium","6/26/2012","Sweet_cherry_CRS_phenotyping_2012"
"447","FR33T004","Prunus avium","7/5/2011","Sweet_cherry_CRS_phenotyping_2011"
"448","FR33T005","Prunus avium","6/26/2012","Sweet_cherry_CRS_phenotyping_2012"
"449","FR33T005","Prunus avium","6/30/2011","Sweet_cherry_CRS_phenotyping_2011"
"450","FR33T006","Prunus avium","6/26/2012","Sweet_cherry_CRS_phenotyping_2012"
"451","FR33T006","Prunus avium","7/1/2011","Sweet_cherry_CRS_phenotyping_2011"
"452","FR33T007","Prunus avium","6/26/2012","Sweet_cherry_CRS_phenotyping_2012"
"453","FR33T008","Prunus avium","6/26/2012","Sweet_cherry_CRS_phenotyping_2012"
"454","FR33T008","Prunus avium","6/28/2011","Sweet_cherry_CRS_phenotyping_2011"
"455","FR33T011","Prunus avium","6/26/2012","Sweet_cherry_CRS_phenotyping_2012"
"456","FR35T101","Prunus avium","6/27/2012","Sweet_cherry_CRS_phenotyping_2012"
"457","FR35T101","Prunus avium","7/5/2011","Sweet_cherry_CRS_phenotyping_2011"
"458","FR35T102","Prunus avium","6/27/2012","Sweet_cherry_CRS_phenotyping_2012"
"459","FR35T102","Prunus avium","7/5/2011","Sweet_cherry_CRS_phenotyping_2011"
"460","FR35T103","Prunus avium","6/27/2012","Sweet_cherry_CRS_phenotyping_2012"
"461","FR35T103","Prunus avium","7/5/2011","Sweet_cherry_CRS_phenotyping_2011"
"462","FR35T104","Prunus avium","6/27/2012","Sweet_cherry_CRS_phenotyping_2012"
"463","FR35T104","Prunus avium","7/1/2011","Sweet_cherry_CRS_phenotyping_2011"
"464","FR35T105","Prunus avium","6/27/2012","Sweet_cherry_CRS_phenotyping_2012"
"465","FR35T105","Prunus avium","6/28/2011","Sweet_cherry_CRS_phenotyping_2011"
"466","FR35T110","Prunus avium","6/27/2012","Sweet_cherry_CRS_phenotyping_2012"
"467","FR35T110","Prunus avium","7/6/2011","Sweet_cherry_CRS_phenotyping_2011"
"468","FR38T001","Prunus avium","7/1/2012","Sweet_cherry_CRS_phenotyping_2012"
"469","FR38T002","Prunus avium","7/1/2012","Sweet_cherry_CRS_phenotyping_2012"
"470","FR38T003","Prunus avium","7/1/2012","Sweet_cherry_CRS_phenotyping_2012"
"471","FR38T005","Prunus avium","7/1/2012","Sweet_cherry_CRS_phenotyping_2012"
"472","FR3T002","Prunus avium","7/11/2012","Sweet_cherry_CRS_phenotyping_2012"
"473","FR3T002","Prunus avium","7/12/2010","Sweet_cherry_CRS_phenotyping_2010"
"474","FR3T002","Prunus avium","7/14/2011","Sweet_cherry_CRS_phenotyping_2011"
"475","FR3T003","Prunus avium","7/16/2012","Sweet_cherry_CRS_phenotyping_2012"
"476","FR3T003","Prunus avium","7/18/2011","Sweet_cherry_CRS_phenotyping_2011"
"477","FR3T004","Prunus avium","7/11/2011","Sweet_cherry_CRS_phenotyping_2011"
"478","FR3T004","Prunus avium","7/11/2012","Sweet_cherry_CRS_phenotyping_2012"
"479","FR3T004","Prunus avium","7/14/2010","Sweet_cherry_CRS_phenotyping_2010"
"480","FR3T005","Prunus avium","7/18/2011","Sweet_cherry_CRS_phenotyping_2011"
"481","FR3T005","Prunus avium","7/18/2012","Sweet_cherry_CRS_phenotyping_2012"
"482","FR3T011","Prunus avium","7/6/2012","Sweet_cherry_CRS_phenotyping_2012"
"483","FR3T014","Prunus avium","7/6/2012","Sweet_cherry_CRS_phenotyping_2012"
"484","FR3T014","Prunus avium","7/8/2010","Sweet_cherry_CRS_phenotyping_2010"
"485","FR3T014","Prunus avium","7/9/2011","Sweet_cherry_CRS_phenotyping_2011"
"486","FR3T015","Prunus avium","7/3/2012","Sweet_cherry_CRS_phenotyping_2012"
"487","FR3T015","Prunus avium","7/9/2011","Sweet_cherry_CRS_phenotyping_2011"
"488","FR3T016","Prunus avium","7/6/2012","Sweet_cherry_CRS_phenotyping_2012"
"489","FR3T016","Prunus avium","7/7/2010","Sweet_cherry_CRS_phenotyping_2010"
"490","FR3T016","Prunus avium","7/7/2011","Sweet_cherry_CRS_phenotyping_2011"
"491","FR3T017","Prunus avium","7/6/2012","Sweet_cherry_CRS_phenotyping_2012"
"492","FR3T018","Prunus avium","6/26/2011","Sweet_cherry_CRS_phenotyping_2011"
"493","FR3T018","Prunus avium","6/29/2010","Sweet_cherry_CRS_phenotyping_2010"
"494","FR3T019","Prunus avium","7/6/2012","Sweet_cherry_CRS_phenotyping_2012"
"495","FR3T020","Prunus avium","7/5/2010","Sweet_cherry_CRS_phenotyping_2010"
"496","FR3T020","Prunus avium","7/6/2011","Sweet_cherry_CRS_phenotyping_2011"
"497","FR3T020","Prunus avium","7/6/2012","Sweet_cherry_CRS_phenotyping_2012"
"498","FR3T021","Prunus avium","7/10/2010","Sweet_cherry_CRS_phenotyping_2010"
"499","FR3T021","Prunus avium","7/11/2011","Sweet_cherry_CRS_phenotyping_2011"
"500","FR3T021","Prunus avium","7/6/2012","Sweet_cherry_CRS_phenotyping_2012"
"501","FR3T022","Prunus avium","7/11/2011","Sweet_cherry_CRS_phenotyping_2011"
"502","FR3T022","Prunus avium","7/6/2012","Sweet_cherry_CRS_phenotyping_2012"
"503","FR3T023","Prunus avium","7/6/2011","Sweet_cherry_CRS_phenotyping_2011"
"504","FR3T023","Prunus avium","7/6/2012","Sweet_cherry_CRS_phenotyping_2012"
"505","FR3T025","Prunus avium","7/4/2010","Sweet_cherry_CRS_phenotyping_2010"
"506","FR3T025","Prunus avium","7/6/2011","Sweet_cherry_CRS_phenotyping_2011"
"507","FR3T025","Prunus avium","7/6/2012","Sweet_cherry_CRS_phenotyping_2012"
"508","FR3T026","Prunus avium","7/6/2011","Sweet_cherry_CRS_phenotyping_2011"
"509","FR3T027","Prunus avium","6/28/2012","Sweet_cherry_CRS_phenotyping_2012"
"510","FR3T027","Prunus avium","7/6/2011","Sweet_cherry_CRS_phenotyping_2011"
"511","FR3T028","Prunus avium","7/2/2012","Sweet_cherry_CRS_phenotyping_2012"
"512","FR3T029","Prunus avium","7/6/2010","Sweet_cherry_CRS_phenotyping_2010"
"513","FR3T029","Prunus avium","7/6/2011","Sweet_cherry_CRS_phenotyping_2011"
"514","FR3T029","Prunus avium","7/6/2012","Sweet_cherry_CRS_phenotyping_2012"
"515","FR3T030","Prunus avium","6/27/2012","Sweet_cherry_CRS_phenotyping_2012"
"516","FR3T030","Prunus avium","7/6/2011","Sweet_cherry_CRS_phenotyping_2011"
"517","FR3T032","Prunus avium","6/27/2012","Sweet_cherry_CRS_phenotyping_2012"
"518","FR3T032","Prunus avium","7/6/2011","Sweet_cherry_CRS_phenotyping_2011"
"519","FR3T034","Prunus avium","7/6/2011","Sweet_cherry_CRS_phenotyping_2011"
"520","FR3T034","Prunus avium","7/6/2012","Sweet_cherry_CRS_phenotyping_2012"
"521","FR3T043","Prunus avium","7/5/2010","Sweet_cherry_CRS_phenotyping_2010"
"522","FR3T043","Prunus avium","7/6/2011","Sweet_cherry_CRS_phenotyping_2011"
"523","FR3T044","Prunus avium","7/6/2011","Sweet_cherry_CRS_phenotyping_2011"
"524","FR3T044","Prunus avium","7/6/2012","Sweet_cherry_CRS_phenotyping_2012"
"525","FR3T050","Prunus avium","7/3/2010","Sweet_cherry_CRS_phenotyping_2010"
"526","FR3T050","Prunus avium","7/6/2011","Sweet_cherry_CRS_phenotyping_2011"
"527","FR3T056","Prunus avium","6/21/2012","Sweet_cherry_CRS_phenotyping_2012"
"528","FR3T056","Prunus avium","6/27/2011","Sweet_cherry_CRS_phenotyping_2011"
"529","FR3T056","Prunus avium","6/29/2010","Sweet_cherry_CRS_phenotyping_2010"
"530","FR3T057","Prunus avium","6/22/2012","Sweet_cherry_CRS_phenotyping_2012"
"531","FR3T057","Prunus avium","6/26/2010","Sweet_cherry_CRS_phenotyping_2010"
"532","FR3T057","Prunus avium","6/27/2011","Sweet_cherry_CRS_phenotyping_2011"
"533","FR3T058","Prunus avium","7/2/2012","Sweet_cherry_CRS_phenotyping_2012"
"534","FR3T058","Prunus avium","7/6/2011","Sweet_cherry_CRS_phenotyping_2011"
"535","FR42T001","Prunus avium","6/28/2011","Sweet_cherry_CRS_phenotyping_2011"
"536","FR42T003","Prunus avium","6/27/2012","Sweet_cherry_CRS_phenotyping_2012"
"537","FR42T005","Prunus avium","7/9/2012","Sweet_cherry_CRS_phenotyping_2012"
"538","FR42T007","Prunus avium","6/27/2012","Sweet_cherry_CRS_phenotyping_2012"
"539","FR42T045","Prunus avium","6/26/2012","Sweet_cherry_CRS_phenotyping_2012"
"540","FR42T048","Prunus avium","6/26/2011","Sweet_cherry_CRS_phenotyping_2011"
"541","FR42T048","Prunus avium","6/27/2012","Sweet_cherry_CRS_phenotyping_2012"
"542","FR47T058","Prunus avium","7/3/2012","Sweet_cherry_CRS_phenotyping_2012"
"543","FR47T059","Prunus avium","7/3/2012","Sweet_cherry_CRS_phenotyping_2012"
"544","FR5T019","Prunus avium","6/27/2011","Sweet_cherry_CRS_phenotyping_2011"
"545","FR5T019","Prunus avium","6/27/2012","Sweet_cherry_CRS_phenotyping_2012"
"546","FR5T021","Prunus avium","6/27/2011","Sweet_cherry_CRS_phenotyping_2011"
"547","FR5T021","Prunus avium","6/27/2012","Sweet_cherry_CRS_phenotyping_2012"
"548","FR5T025","Prunus avium","7/3/2012","Sweet_cherry_CRS_phenotyping_2012"
"549","FR5T025","Prunus avium","7/8/2011","Sweet_cherry_CRS_phenotyping_2011"
"550","FR8T002","Prunus avium","6/21/2012","Sweet_cherry_CRS_phenotyping_2012"
"551","FR8T002","Prunus avium","6/29/2011","Sweet_cherry_CRS_phenotyping_2011"
"552","FR8T004","Prunus avium","6/21/2012","Sweet_cherry_CRS_phenotyping_2012"
"553","FR8T005","Prunus avium","6/21/2012","Sweet_cherry_CRS_phenotyping_2012"
"554","FR8T006","Prunus avium","6/21/2012","Sweet_cherry_CRS_phenotyping_2012"
"555","FR8T007","Prunus avium","6/21/2012","Sweet_cherry_CRS_phenotyping_2012"
"556","FR8T010","Prunus avium","7/11/2012","Sweet_cherry_CRS_phenotyping_2012"
"557","FR8T011","Prunus avium","6/27/2012","Sweet_cherry_CRS_phenotyping_2012"
"558","FR8T011","Prunus avium","7/1/2011","Sweet_cherry_CRS_phenotyping_2011"
"559","FR8T047","Prunus avium","7/1/2012","Sweet_cherry_CRS_phenotyping_2012"
"560","FR8T053","Prunus avium","7/6/2012","Sweet_cherry_CRS_phenotyping_2012"
"561","FR9T031","Prunus avium","7/10/2012","Sweet_cherry_CRS_phenotyping_2012"
"562","FR9T031","Prunus avium","7/11/2010","Sweet_cherry_CRS_phenotyping_2010"
"563","FR9T033","Prunus avium","6/20/2012","Sweet_cherry_CRS_phenotyping_2012"
"564","FR9T033","Prunus avium","6/28/2011","Sweet_cherry_CRS_phenotyping_2011"
"565","FR9T034","Prunus avium","6/20/2012","Sweet_cherry_CRS_phenotyping_2012"
"566","FR9T034","Prunus avium","6/28/2011","Sweet_cherry_CRS_phenotyping_2011"
"567","FR9T081","Prunus avium","6/27/2011","Sweet_cherry_CRS_phenotyping_2011"
"568","FR9T081","Prunus avium","6/27/2012","Sweet_cherry_CRS_phenotyping_2012"
"569","FR9T085","Prunus avium","6/27/2011","Sweet_cherry_CRS_phenotyping_2011"
"570","FR9T085","Prunus avium","6/27/2012","Sweet_cherry_CRS_phenotyping_2012"
"571","FR9T086","Prunus avium","6/20/2011","Sweet_cherry_CRS_phenotyping_2011"
"572","FR9T086","Prunus avium","6/23/2012","Sweet_cherry_CRS_phenotyping_2012"
"573","FR9T087","Prunus avium","6/21/2012","Sweet_cherry_CRS_phenotyping_2012"
"574","FR9T087","Prunus avium","6/27/2011","Sweet_cherry_CRS_phenotyping_2011"
"575","FR9T096","Prunus avium","6/27/2012","Sweet_cherry_CRS_phenotyping_2012"
"576","FR9T097","Prunus avium","6/20/2012","Sweet_cherry_CRS_phenotyping_2012"
"577","PC 9816-005","Prunus avium","6/30/2010","Sweet_cherry_CRS_phenotyping_2010"
"578","PC 9816-023","Prunus avium","6/27/2010","Sweet_cherry_CRS_phenotyping_2010"
"579","PC 9816-041","Prunus avium","6/29/2010","Sweet_cherry_CRS_phenotyping_2010"
"580","PC 9816-059","Prunus avium","7/4/2010","Sweet_cherry_CRS_phenotyping_2010"
"581","PC 9816-083","Prunus avium","7/5/2010","Sweet_cherry_CRS_phenotyping_2010"
"582","PC 9816-103","Prunus avium","7/5/2010","Sweet_cherry_CRS_phenotyping_2010"
"583","PC 9816-105","Prunus avium","7/4/2010","Sweet_cherry_CRS_phenotyping_2010"
"584","PC 9816-106","Prunus avium","7/4/2010","Sweet_cherry_CRS_phenotyping_2010"
"585","PC 9816-078","Prunus avium","7/5/2010","Sweet_cherry_CRS_phenotyping_2010"
"586","PC 9819-005","Prunus avium","6/28/2010","Sweet_cherry_CRS_phenotyping_2010"
"587","PC 9819-038","Prunus avium","6/26/2010","Sweet_cherry_CRS_phenotyping_2010"
"588","PC 9814-025","Prunus avium","6/29/2010","Sweet_cherry_CRS_phenotyping_2010"
"589","PC 9814-103","Prunus avium","7/2/2010","Sweet_cherry_CRS_phenotyping_2010"
"590","PC 9814-105","Prunus avium","7/2/2010","Sweet_cherry_CRS_phenotyping_2010"
"591","PC 9814-028","Prunus avium","7/2/2010","Sweet_cherry_CRS_phenotyping_2010"
"592","PC 9814-062","Prunus avium","6/30/2010","Sweet_cherry_CRS_phenotyping_2010"
"593","PC 9814-063","Prunus avium","7/4/2010","Sweet_cherry_CRS_phenotyping_2010"
"594","PC 9814-071","Prunus avium","6/30/2010","Sweet_cherry_CRS_phenotyping_2010"
"595","PC 9814-076","Prunus avium","7/1/2010","Sweet_cherry_CRS_phenotyping_2010"
"596","PC 9819-034","Prunus avium","7/5/2010","Sweet_cherry_CRS_phenotyping_2010"
"597","Unk10-Sdlg","Prunus avium","7/9/2011","Sweet_cherry_CRS_phenotyping_2011"
"598","Unk10-Sdlg","Prunus avium","7/9/2012","Sweet_cherry_CRS_phenotyping_2012"
"599","Unk12-Sdlg","Prunus avium","7/9/2012","Sweet_cherry_CRS_phenotyping_2012"
"600","Unk14-Sdlg","Prunus avium","7/2/2011","Sweet_cherry_CRS_phenotyping_2011"
"601","Unk14-Sdlg","Prunus avium","7/2/2012","Sweet_cherry_CRS_phenotyping_2012"
"602","Unk15-Sdlg","Prunus avium","6/23/2010","Sweet_cherry_CRS_phenotyping_2010"
"603","Unk15-Sdlg","Prunus avium","6/23/2012","Sweet_cherry_CRS_phenotyping_2012"
"604","Unk15-Sdlg","Prunus avium","6/29/2011","Sweet_cherry_CRS_phenotyping_2011"
"605","Unk16-Sdlg","Prunus avium","7/11/2012","Sweet_cherry_CRS_phenotyping_2012"
"606","Unk16-Sdlg","Prunus avium","7/17/2011","Sweet_cherry_CRS_phenotyping_2011"
"607","Unk17-Sdlg","Prunus avium","7/5/2010","Sweet_cherry_CRS_phenotyping_2010"
"608","Unk1-Sdlg","Prunus avium","6/27/2012","Sweet_cherry_CRS_phenotyping_2012"
"609","Unk20-Sdlg","Prunus avium","7/9/2011","Sweet_cherry_CRS_phenotyping_2011"
"610","Unk22-Sdlg","Prunus avium","7/1/2012","Sweet_cherry_CRS_phenotyping_2012"
"611","Unk23-Sdlg","Prunus avium","7/9/2012","Sweet_cherry_CRS_phenotyping_2012"
"612","Unk25-Sdlg","Prunus avium","6/25/2012","Sweet_cherry_CRS_phenotyping_2012"
"613","Unk25-Sdlg","Prunus avium","6/29/2011","Sweet_cherry_CRS_phenotyping_2011"
"614","Unk6-Sdlg","Prunus avium","6/25/2012","Sweet_cherry_CRS_phenotyping_2012"
"615","Unk9-Sdlg","Prunus avium","7/3/2012","Sweet_cherry_CRS_phenotyping_2012"
"616","Emperor Francis","Prunus avium","7/2/2012","Sweet_cherry_CRS_phenotyping_2012"
"617","Black Republican","Prunus avium","7/2/2012","Sweet_cherry_CRS_phenotyping_2012"
"618","Krupnoplodnaya","Prunus avium","6/25/2012","Sweet_cherry_CRS_phenotyping_2012"
"619","Venus","Prunus avium","6/22/2011","Sweet_cherry_CRS_phenotyping_2011"
"620","Venus","Prunus avium","6/22/2012","Sweet_cherry_CRS_phenotyping_2012"
"621","Moreau","Prunus avium","6/16/2012","Sweet_cherry_CRS_phenotyping_2012"
"622","Moreau","Prunus avium","6/23/2011","Sweet_cherry_CRS_phenotyping_2011"
"623","Index","Prunus avium","6/24/2011","Sweet_cherry_CRS_phenotyping_2011"
"624","Index","Prunus avium","6/25/2010","Sweet_cherry_CRS_phenotyping_2010"
"625","Index","Prunus avium","6/25/2012","Sweet_cherry_CRS_phenotyping_2012"
"626","Sunburst","Prunus avium","7/2/2011","Sweet_cherry_CRS_phenotyping_2011"
"627","Sunburst","Prunus avium","7/5/2012","Sweet_cherry_CRS_phenotyping_2012"
